cycle,mode,ordinal,service_ms,ui_return_ms,apply_ms,layout_ms,bitmap_ms,command_overhead_ms,gate_wait_ms,worker_queue_ms,product_lookup_update_ms,snapshot_query_map_ms,snapshot_projection_ms,realized_rows,realized_grid,collection_changes,row_notifications,product_commands,commands_on_dispatcher,focus_scroll_wait_ms
0,Rows,1,18.697,134.545,1.092,0.001,18.744,74.960,0.198,0.059,0.492,17.362,0.165,13,12,0,22,2,0,47.363
0,Rows,2,13.549,3.565,0.662,0.063,19.816,29.268,0.003,0.054,0.895,11.996,0.163,14,12,0,22,2,0,22.609
0,Rows,3,18.539,0.115,1.221,0.002,21.749,21.553,0.001,0.055,0.712,17.479,0.181,14,12,0,22,2,0,15.080
0,Rows,4,24.903,0.126,1.350,0.059,23.669,25.448,0.001,0.053,0.690,23.804,0.252,14,12,0,22,2,0,18.805
0,Rows,5,14.432,0.098,0.783,0.049,20.539,17.943,0.001,0.050,0.602,13.576,0.094,14,12,0,22,2,0,12.629
0,Rows,6,11.031,0.635,0.942,0.062,18.926,27.217,0.001,0.056,0.503,10.202,0.164,14,12,0,22,2,0,21.084
0,Rows,7,17.844,0.115,1.010,0.002,22.047,23.486,0.001,0.067,0.757,16.712,0.198,14,12,0,22,2,0,15.052
0,Rows,8,15.420,0.102,1.104,0.057,21.083,25.486,0.001,0.048,1.050,14.038,0.188,14,12,0,22,2,0,18.740
0,Rows,9,24.127,0.244,1.094,0.002,24.012,24.360,0.001,0.046,0.616,23.121,0.244,14,12,0,22,2,0,17.628
0,Rows,10,13.593,0.091,0.740,0.062,23.752,18.456,0.001,0.049,0.597,12.756,0.094,14,12,0,22,2,0,12.996
0,Grid,1,15.092,0.126,0.958,0.001,24.424,16.832,0.001,0.055,0.449,10.508,3.982,14,12,0,22,2,0,12.045
0,Grid,2,14.531,0.123,1.357,0.001,22.932,25.026,0.001,0.050,0.647,13.538,0.195,14,12,0,22,2,0,18.470
0,Grid,3,18.339,0.133,1.246,0.001,22.244,23.178,0.001,0.051,0.607,17.428,0.158,14,12,0,22,2,0,16.805
0,Grid,4,16.141,0.477,0.828,0.001,16.695,26.005,0.001,0.053,0.620,15.196,0.167,14,12,0,22,2,0,19.559
0,Grid,5,18.927,0.129,1.385,0.001,16.369,24.881,0.001,0.049,0.623,17.981,0.174,14,12,0,22,2,0,18.206
0,Grid,6,19.261,0.136,1.207,0.001,16.487,25.608,0.001,0.066,0.596,18.396,0.096,14,12,0,22,2,0,19.464
0,Grid,7,19.000,0.130,1.309,0.001,21.568,20.823,0.001,0.056,0.798,17.862,0.187,14,12,0,22,2,0,14.038
0,Grid,8,16.787,0.111,0.850,0.001,21.500,17.443,0.001,0.052,0.630,15.922,0.094,14,12,0,22,2,0,12.293
0,Grid,9,18.012,0.094,0.929,0.001,21.576,17.466,0.002,0.048,0.613,17.146,0.112,14,12,0,22,2,0,12.268
0,Grid,10,11.338,0.098,0.840,0.001,22.690,18.714,0.001,0.060,0.639,10.434,0.095,14,12,0,22,2,0,13.296
1,Grid,1,13.517,0.145,1.273,0.001,22.440,25.418,0.001,0.054,0.360,12.823,0.158,14,12,0,22,2,0,18.132
1,Grid,2,13.974,0.107,0.847,0.001,24.005,17.452,0.001,0.056,0.593,13.115,0.094,14,12,0,22,2,0,12.229
1,Grid,3,16.853,0.160,0.813,0.001,20.681,17.488,0.001,0.047,0.664,15.949,0.095,14,12,0,22,2,0,12.097
1,Grid,4,11.531,0.105,0.838,0.001,21.759,18.643,0.001,0.057,0.519,10.760,0.094,14,12,0,22,2,0,13.487
1,Grid,5,19.766,0.108,1.266,0.001,18.016,52.008,0.001,0.069,0.644,18.774,0.173,14,12,0,22,2,0,33.874
1,Grid,6,12.536,0.194,1.329,0.001,15.197,23.715,0.001,0.046,0.657,11.541,0.171,14,12,0,22,2,0,17.275
1,Grid,7,20.185,0.132,1.166,0.001,15.226,24.167,0.001,0.054,0.622,19.229,0.172,14,12,0,22,2,0,18.132
1,Grid,8,24.398,0.070,0.909,0.001,18.078,24.148,0.001,0.054,0.554,23.497,0.188,14,12,0,22,2,0,18.400
1,Grid,9,18.212,0.108,1.247,0.001,16.135,25.017,0.001,0.054,0.564,17.380,0.102,14,12,0,22,2,0,18.803
1,Grid,10,17.206,0.160,1.177,0.001,21.430,19.708,0.001,0.066,0.526,16.306,0.205,14,12,0,22,2,0,13.449
1,Rows,1,19.281,0.246,1.101,0.040,17.214,53.787,0.001,0.050,0.500,18.450,0.164,14,12,0,22,2,0,47.232
1,Rows,2,11.979,0.492,1.142,0.059,21.748,24.775,0.001,0.057,0.524,11.114,0.169,14,12,0,22,2,0,17.830
1,Rows,3,16.722,0.124,0.808,0.002,22.796,20.118,0.001,0.060,0.636,15.839,0.095,14,12,0,22,2,0,13.960
1,Rows,4,16.157,0.125,0.805,0.002,22.219,19.251,0.001,0.049,0.612,15.301,0.098,14,12,0,22,2,0,13.647
1,Rows,5,17.793,0.153,1.217,0.046,18.571,22.602,0.001,0.056,0.658,16.772,0.197,14,12,0,22,2,0,15.560
1,Rows,6,24.084,0.208,1.230,0.002,19.098,26.127,0.001,0.059,0.620,23.097,0.195,14,12,0,22,2,0,19.219
1,Rows,7,18.812,0.122,1.118,0.002,16.077,27.032,0.001,0.059,0.598,17.844,0.197,14,12,0,22,2,0,20.053
1,Rows,8,18.700,0.130,1.133,0.002,21.898,22.756,0.001,0.063,0.658,17.713,0.164,14,12,0,22,2,0,14.675
1,Rows,9,23.453,0.138,1.157,0.058,26.561,28.029,0.001,0.057,0.656,22.457,0.171,14,12,0,22,2,0,19.431
1,Rows,10,11.137,0.191,0.771,0.077,25.717,19.892,0.001,0.055,0.614,10.259,0.095,14,12,0,22,2,0,14.266
2,Rows,1,17.578,0.122,1.068,0.061,25.053,28.258,0.001,0.050,0.499,16.752,0.174,14,12,0,22,2,0,20.790
2,Rows,2,13.189,0.079,1.095,0.061,17.896,27.593,0.001,0.062,0.574,12.274,0.174,14,12,0,22,2,0,19.422
2,Rows,3,19.332,0.123,1.164,0.059,21.701,22.342,0.001,0.050,1.375,17.617,0.196,14,12,0,22,2,0,15.477
2,Rows,4,17.320,0.477,1.103,0.060,22.573,26.914,0.001,0.539,1.268,15.171,0.169,14,12,0,22,2,0,14.722
2,Rows,5,18.474,0.141,1.167,0.054,18.638,28.435,0.001,0.060,0.647,17.476,0.187,14,12,0,22,2,0,19.188
2,Rows,6,18.667,0.121,1.316,0.002,24.345,29.299,0.001,0.054,0.618,17.683,0.211,14,12,0,22,2,0,22.046
2,Rows,7,18.876,0.123,1.232,0.002,22.418,25.693,0.001,0.055,0.740,17.805,0.166,14,12,0,22,2,0,16.718
2,Rows,8,19.847,0.124,1.192,0.060,22.756,28.202,0.001,0.045,0.710,18.759,0.188,14,12,0,22,2,0,20.142
2,Rows,9,18.998,0.121,1.149,0.077,21.294,43.377,0.002,0.059,1.367,17.299,0.168,14,12,0,22,2,0,30.508
2,Rows,10,15.784,0.125,1.130,0.060,20.684,26.232,0.001,0.065,0.624,14.812,0.170,14,12,0,22,2,0,19.475
2,Grid,1,24.057,0.183,1.289,0.001,23.034,70.533,0.001,0.051,0.537,18.102,5.269,14,12,0,22,2,0,58.534
2,Grid,2,18.426,0.129,1.347,0.001,23.582,26.197,0.001,0.059,0.593,17.476,0.163,14,12,0,22,2,0,18.539
2,Grid,3,16.443,0.124,0.849,0.001,23.735,21.010,0.002,0.066,0.854,15.329,0.094,14,12,0,22,2,0,13.994
2,Grid,4,24.422,0.126,1.478,0.001,26.006,28.009,0.001,0.062,0.615,23.464,0.186,14,12,0,22,2,0,19.504
2,Grid,5,19.264,0.175,0.833,0.001,14.592,19.050,0.001,0.056,1.026,17.951,0.097,14,12,0,22,2,0,12.189
2,Grid,6,18.143,0.129,1.318,0.001,24.692,30.801,0.001,0.055,0.549,17.239,0.205,14,12,0,22,2,0,23.172
2,Grid,7,19.568,0.126,1.370,0.001,23.105,26.562,0.001,0.052,1.027,18.203,0.176,14,12,0,22,2,0,19.061
2,Grid,8,18.391,0.086,1.318,0.001,20.616,27.488,0.001,0.071,0.736,17.328,0.163,14,12,0,22,2,0,20.048
2,Grid,9,19.775,0.122,1.380,0.001,22.566,25.436,0.001,0.062,1.264,18.153,0.190,14,12,0,22,2,0,17.258
2,Grid,10,16.028,0.413,1.294,0.001,18.483,27.082,0.001,0.072,0.696,14.204,0.170,14,12,0,22,2,0,18.966
3,Grid,1,18.416,0.125,1.228,0.001,24.007,27.148,0.001,0.059,0.513,17.576,0.168,14,12,0,22,2,0,20.056
3,Grid,2,26.513,0.143,1.383,0.001,26.990,28.166,0.002,0.112,1.296,24.441,0.217,14,12,0,22,2,0,20.090
3,Grid,3,18.118,0.163,0.845,0.001,20.566,24.408,0.001,0.058,0.726,17.067,0.165,14,12,0,22,2,0,17.983
3,Grid,4,19.049,0.173,1.437,0.001,23.599,26.267,0.001,0.062,0.627,18.061,0.208,14,12,0,22,2,0,19.220
3,Grid,5,25.720,0.280,1.276,0.001,27.606,27.153,0.001,0.082,0.870,24.503,0.167,14,12,0,22,2,0,18.661
3,Grid,6,12.641,0.374,1.243,0.001,22.598,24.591,0.001,0.092,0.743,11.595,0.095,14,12,0,22,2,0,16.555
3,Grid,7,18.602,0.160,1.333,0.001,23.210,26.914,0.001,0.058,0.611,17.690,0.152,14,12,0,22,2,0,18.346
3,Grid,8,25.320,0.135,1.310,0.002,26.936,35.925,0.001,0.057,1.455,23.544,0.172,14,12,0,22,2,0,28.258
3,Grid,9,18.413,0.134,1.337,0.001,17.864,49.219,0.001,0.043,0.639,17.456,0.172,14,12,0,22,2,0,40.096
3,Grid,10,18.335,0.141,1.264,0.001,24.720,25.162,0.001,0.058,0.623,17.394,0.169,14,12,0,22,2,0,2.138
3,Rows,1,24.917,0.180,1.123,0.002,25.466,26.635,0.001,0.059,0.531,24.066,0.170,14,12,0,22,2,0,19.942
3,Rows,2,20.073,0.127,1.445,0.139,23.332,38.207,0.001,0.067,0.718,18.944,0.167,14,12,0,22,2,0,29.270
3,Rows,3,21.188,0.154,1.175,0.002,28.425,26.746,0.001,0.049,0.618,20.205,0.213,14,12,0,22,2,0,19.053
3,Rows,4,13.126,0.349,1.078,0.122,19.808,26.475,0.001,0.060,0.655,12.216,0.096,14,12,0,22,2,0,19.001
3,Rows,5,18.469,0.225,1.134,0.060,21.791,26.359,0.001,0.057,0.591,17.546,0.183,14,12,0,22,2,0,18.511
3,Rows,6,24.499,1.244,1.106,0.110,21.041,30.017,0.001,0.066,1.200,18.124,4.994,14,12,0,22,2,0,21.537
3,Rows,7,20.466,0.146,1.202,0.002,22.417,27.030,0.001,0.062,1.023,19.059,0.176,14,12,0,22,2,0,19.852
3,Rows,8,21.340,0.120,1.210,0.002,24.534,27.096,0.001,0.042,0.811,20.223,0.168,14,12,0,22,2,0,19.053
3,Rows,9,22.019,0.121,1.170,0.060,18.144,33.029,0.001,0.059,1.528,20.136,0.173,14,12,0,22,2,0,18.924
3,Rows,10,20.737,0.181,1.217,0.002,22.318,27.428,0.002,0.056,0.680,19.731,0.167,14,12,0,22,2,0,20.411
4,Rows,1,16.917,0.138,1.045,0.042,14.567,61.054,0.001,0.050,0.465,16.141,0.164,14,12,0,22,2,0,53.844
4,Rows,2,12.079,0.136,1.044,0.058,19.926,24.025,0.001,0.053,0.469,11.265,0.171,14,12,0,22,2,0,17.390
4,Rows,3,17.732,0.154,0.709,0.006,16.777,24.023,0.001,0.050,0.672,16.831,0.093,14,12,0,22,2,0,18.269
4,Rows,4,18.308,0.126,1.204,0.002,19.905,20.709,0.001,0.058,0.676,17.294,0.164,14,12,0,22,2,0,14.366
4,Rows,5,15.483,0.144,1.193,0.063,17.423,33.758,0.001,0.049,0.609,14.532,0.189,14,12,0,22,2,0,27.252
4,Rows,6,20.870,0.281,1.264,0.002,22.479,28.368,0.001,0.075,0.575,19.922,0.170,14,12,0,22,2,0,20.638
4,Rows,7,12.110,0.093,0.772,0.039,14.550,26.778,0.001,0.051,0.595,11.255,0.094,14,12,0,22,2,0,21.126
4,Rows,8,23.053,0.396,1.358,0.037,14.574,24.669,0.001,0.054,0.580,22.150,0.163,14,12,0,22,2,0,18.194
4,Rows,9,18.663,0.165,1.053,0.061,22.028,20.883,0.001,0.048,0.657,17.690,0.165,14,12,0,22,2,0,13.819
4,Rows,10,18.629,0.123,1.187,0.059,21.030,25.498,0.001,0.074,0.712,17.559,0.167,14,12,0,22,2,0,17.395
4,Grid,1,14.825,0.325,0.818,0.001,14.788,71.679,0.001,0.051,0.513,14.079,0.095,14,12,0,22,2,0,66.622
4,Grid,2,10.369,0.223,1.284,0.001,22.376,24.187,0.001,0.049,0.567,9.560,0.094,14,12,0,22,2,0,17.717
4,Grid,3,20.033,0.224,1.004,0.001,15.743,23.200,0.001,0.054,0.667,19.128,0.094,14,12,0,22,2,0,17.888
4,Grid,4,18.247,0.127,1.360,0.001,16.536,25.435,0.001,0.052,0.580,17.382,0.117,14,12,0,22,2,0,19.188
4,Grid,5,18.319,0.126,1.403,0.002,23.046,31.903,0.001,0.050,0.585,17.398,0.181,14,12,0,22,2,0,25.519
4,Grid,6,17.206,0.104,0.844,0.001,21.584,17.580,0.001,0.048,0.808,16.134,0.092,14,12,0,22,2,0,12.103
4,Grid,7,10.273,0.223,1.268,0.001,21.989,27.799,0.001,0.057,0.495,9.525,0.094,14,12,0,22,2,0,21.050
4,Grid,8,10.542,0.111,0.824,0.001,21.628,18.357,0.001,0.053,0.500,9.781,0.094,14,12,0,22,2,0,13.022
4,Grid,9,11.318,0.094,0.910,0.001,24.777,17.594,0.001,0.055,0.624,10.455,0.095,14,12,0,22,2,0,12.363
4,Grid,10,13.561,0.091,0.833,0.001,14.696,17.540,0.001,0.052,0.682,12.634,0.093,14,12,0,22,2,0,12.133
5,Grid,1,12.601,0.286,0.773,0.001,15.150,22.892,0.001,0.045,0.443,11.826,0.190,14,12,0,22,2,0,17.294
5,Grid,2,18.128,0.132,1.242,0.001,17.935,24.891,0.001,0.048,0.550,17.332,0.099,14,12,0,22,2,0,18.879
5,Grid,3,18.464,0.139,1.073,0.001,15.303,25.912,0.004,0.065,0.576,17.535,0.172,14,12,0,22,2,0,19.223
5,Grid,4,17.679,0.136,1.423,0.001,16.160,24.735,0.001,0.054,0.565,16.788,0.168,14,12,0,22,2,0,18.509
5,Grid,5,23.022,0.151,0.873,0.001,23.120,25.738,0.001,0.042,0.601,22.168,0.120,14,12,0,22,2,0,18.876
5,Grid,6,12.732,0.145,0.798,0.001,20.770,17.318,0.001,0.046,0.740,11.753,0.094,14,12,0,22,2,0,11.815
5,Grid,7,11.247,0.105,0.833,0.001,24.082,16.930,0.001,0.062,0.644,10.338,0.093,14,12,0,22,2,0,11.883
5,Grid,8,15.520,0.117,0.859,0.001,22.900,17.720,0.001,0.051,0.830,14.430,0.095,14,12,0,22,2,0,12.382
5,Grid,9,18.266,0.131,1.300,0.001,21.671,26.270,0.001,0.062,0.658,17.260,0.173,14,12,0,22,2,0,18.167
5,Grid,10,19.606,0.150,0.873,0.001,16.897,24.048,0.001,0.052,0.649,18.651,0.162,14,12,0,22,2,0,18.537
5,Rows,1,17.526,0.125,1.088,0.039,13.747,46.148,0.001,0.051,0.558,16.645,0.173,14,12,0,22,2,0,39.425
5,Rows,2,10.240,0.088,1.116,0.002,21.133,24.561,0.001,0.068,0.454,9.527,0.093,14,12,0,22,2,0,17.935
5,Rows,3,17.657,0.108,0.798,0.066,16.070,24.216,0.001,0.053,0.598,16.814,0.092,14,12,0,22,2,0,18.664
5,Rows,4,18.479,0.237,1.172,0.002,19.659,21.151,0.001,0.047,0.737,17.411,0.169,14,12,0,22,2,0,14.401
5,Rows,5,11.236,0.048,1.123,0.066,17.333,38.358,0.001,0.054,0.584,10.330,0.164,14,12,0,22,2,0,31.970
5,Rows,6,15.688,0.122,1.050,0.061,20.091,24.458,0.001,0.050,0.554,14.793,0.175,14,12,0,22,2,0,17.468
5,Rows,7,10.359,0.072,1.074,0.037,14.735,24.443,0.001,0.050,0.580,9.545,0.094,14,12,0,22,2,0,18.023
5,Rows,8,17.654,0.140,1.248,0.058,22.949,23.270,0.001,0.047,0.623,16.713,0.169,14,12,0,22,2,0,14.361
5,Rows,9,10.879,0.273,0.759,0.005,15.101,26.037,0.001,0.056,0.560,10.024,0.123,14,12,0,22,2,0,20.264
5,Rows,10,17.746,0.135,1.134,0.002,20.978,20.469,0.001,0.049,0.563,16.877,0.166,14,12,0,22,2,0,14.042
6,Rows,1,10.585,0.289,1.080,0.044,14.006,52.178,0.001,0.049,0.470,9.811,0.156,14,12,0,22,2,0,45.746
6,Rows,2,19.655,0.131,1.179,0.059,21.950,25.121,0.001,0.056,0.455,18.902,0.137,14,12,0,22,2,0,17.573
6,Rows,3,11.530,0.087,0.731,0.004,21.924,18.152,0.001,0.056,0.559,10.703,0.094,14,12,0,22,2,0,12.656
6,Rows,4,10.870,0.390,0.935,0.002,15.080,27.659,0.001,0.056,0.592,9.905,0.203,14,12,0,22,2,0,22.234
6,Rows,5,25.216,0.197,0.817,0.038,15.738,26.572,0.001,0.055,0.614,24.251,0.187,14,12,0,22,2,0,19.262
6,Rows,6,17.933,0.120,1.148,0.002,20.846,20.344,0.001,0.051,0.596,16.998,0.187,14,12,0,22,2,0,13.763
6,Rows,7,11.076,0.148,0.748,0.037,14.388,24.056,0.001,0.051,0.615,10.145,0.173,14,12,0,22,2,0,17.932
6,Rows,8,18.668,0.138,1.017,0.073,17.203,36.966,0.001,0.050,0.652,17.692,0.173,14,12,0,22,2,0,29.828
6,Rows,9,10.768,0.259,1.106,0.002,23.001,28.013,0.001,0.050,0.554,9.980,0.098,14,12,0,22,2,0,20.385
6,Rows,10,21.025,0.205,1.188,0.002,20.126,25.020,0.001,0.050,0.608,20.142,0.123,14,12,0,22,2,0,18.171
6,Grid,1,10.686,0.237,0.833,0.001,14.786,17.424,0.001,0.050,0.522,9.901,0.115,14,12,0,22,2,0,12.172
6,Grid,2,24.315,0.115,1.644,0.001,14.328,24.371,0.001,0.067,0.557,23.476,0.097,14,12,0,22,2,0,17.848
6,Grid,3,17.146,0.165,1.339,0.001,16.236,26.772,0.001,0.051,0.571,16.302,0.123,14,12,0,22,2,0,19.723
6,Grid,4,16.655,0.171,1.410,0.001,20.611,29.213,0.001,0.055,0.543,15.772,0.193,14,12,0,22,2,0,22.225
6,Grid,5,18.710,0.131,1.400,0.001,15.808,27.309,0.001,0.047,0.693,17.668,0.178,14,12,0,22,2,0,20.853
6,Grid,6,19.425,0.121,1.416,0.001,22.394,31.517,0.001,0.056,0.941,18.155,0.160,14,12,0,22,2,0,25.252
6,Grid,7,12.045,0.092,0.920,0.001,16.059,25.221,0.001,0.048,0.566,11.232,0.100,14,12,0,22,2,0,19.431
6,Grid,8,19.496,0.130,1.280,0.001,22.130,20.049,0.001,0.051,0.574,18.562,0.209,14,12,0,22,2,0,13.224
6,Grid,9,10.715,0.091,0.813,0.001,22.801,19.997,0.001,0.054,0.577,9.878,0.094,14,12,0,22,2,0,12.309
6,Grid,10,10.287,0.148,0.865,0.001,22.726,18.189,0.001,0.054,0.518,9.510,0.093,14,12,0,22,2,0,12.835
7,Grid,1,10.582,0.746,1.232,0.001,14.822,63.721,0.001,0.053,0.373,9.940,0.094,14,12,0,22,2,0,57.039
7,Grid,2,10.296,0.355,1.284,0.001,21.600,23.806,0.001,0.068,0.443,9.583,0.093,14,12,0,22,2,0,17.337
7,Grid,3,10.410,0.064,1.275,0.001,22.734,27.443,0.001,0.050,0.565,9.616,0.094,14,12,0,22,2,0,20.825
7,Grid,4,11.460,0.252,0.866,0.001,26.467,17.567,0.001,0.054,0.587,10.613,0.093,14,12,0,22,2,0,12.232
7,Grid,5,15.875,0.133,1.231,0.001,26.646,25.691,0.001,0.059,0.625,14.963,0.115,14,12,0,22,2,0,17.978
7,Grid,6,12.383,0.179,0.841,0.001,21.908,17.567,0.001,0.068,0.700,11.385,0.096,14,12,0,22,2,0,11.855
7,Grid,7,11.482,0.087,0.865,0.001,21.795,17.884,0.001,0.053,0.592,10.656,0.094,14,12,0,22,2,0,12.668
7,Grid,8,24.530,0.232,1.224,0.001,26.545,22.313,0.001,0.053,0.709,23.496,0.173,14,12,0,22,2,0,15.531
7,Grid,9,11.455,0.120,0.826,0.001,22.324,18.692,0.001,0.049,0.643,10.566,0.098,14,12,0,22,2,0,12.951
7,Grid,10,19.000,0.505,1.735,0.001,25.113,28.591,0.002,0.064,0.648,18.011,0.171,14,12,0,22,2,0,18.797
7,Rows,1,22.670,0.237,1.363,0.049,17.466,57.772,0.001,0.052,0.537,21.815,0.170,14,12,0,22,2,0,51.294
7,Rows,2,10.807,0.304,1.346,0.002,22.162,28.139,0.001,0.058,0.605,9.879,0.117,14,12,0,22,2,0,20.259
7,Rows,3,15.445,0.337,1.154,0.065,24.447,25.788,0.001,0.061,0.530,14.555,0.187,14,12,0,22,2,0,18.828
7,Rows,4,11.149,0.165,0.845,0.003,22.209,19.945,0.001,0.055,0.629,10.251,0.106,14,12,0,22,2,0,14.112
7,Rows,5,12.946,0.095,0.881,0.074,24.279,21.302,0.001,0.068,0.645,11.986,0.117,14,12,0,22,2,0,15.479
7,Rows,6,13.647,0.061,1.162,0.005,25.415,36.682,0.002,0.065,0.789,12.487,0.133,14,12,0,22,2,0,22.300
7,Rows,7,10.609,0.158,0.818,0.002,23.498,21.082,0.001,0.061,0.578,9.756,0.104,14,12,0,22,2,0,14.944
7,Rows,8,18.089,0.118,1.080,0.062,20.552,29.331,0.001,0.072,0.670,17.052,0.171,14,12,0,22,2,0,21.205
7,Rows,9,20.983,0.131,1.153,0.064,24.988,27.006,0.001,0.058,0.651,19.969,0.177,14,12,0,22,2,0,19.544
7,Rows,10,12.471,0.086,1.163,0.039,15.828,27.064,0.001,0.058,0.611,11.578,0.098,14,12,0,22,2,0,20.209
8,Rows,1,17.016,0.196,0.916,0.048,15.046,56.162,0.001,0.056,0.390,16.285,0.168,14,12,0,22,2,0,48.836
8,Rows,2,18.447,0.125,1.120,0.065,21.635,25.512,0.001,0.065,0.602,17.484,0.173,14,12,0,22,2,0,18.327
8,Rows,3,14.978,0.051,0.866,0.061,25.396,18.183,0.001,0.059,0.577,14.113,0.117,14,12,0,22,2,0,12.838
8,Rows,4,16.132,0.121,1.229,0.002,20.572,24.601,0.001,0.048,0.706,15.106,0.167,14,12,0,22,2,0,17.658
8,Rows,5,15.049,0.128,1.146,0.002,21.879,25.109,0.001,0.052,0.532,14.162,0.175,14,12,0,22,2,0,18.836
8,Rows,6,17.900,0.098,1.140,0.057,22.932,26.433,0.001,0.074,0.658,16.901,0.165,14,12,0,22,2,0,19.336
8,Rows,7,13.420,0.354,1.190,0.039,14.769,24.414,0.001,0.051,0.600,12.464,0.201,14,12,0,22,2,0,17.787
8,Rows,8,19.114,0.125,1.103,0.002,22.087,20.819,0.001,0.066,0.607,18.170,0.171,14,12,0,22,2,0,14.282
8,Rows,9,10.746,0.054,0.674,0.002,14.663,27.342,0.001,0.060,0.578,9.894,0.099,14,12,0,22,2,0,19.451
8,Rows,10,17.844,0.130,1.139,0.080,20.575,21.276,0.001,0.054,0.570,16.985,0.143,14,12,0,22,2,0,14.767
8,Grid,1,15.719,0.325,0.808,0.002,19.924,74.957,0.001,0.055,0.524,14.879,0.161,14,12,0,22,2,0,69.957
8,Grid,2,18.418,0.130,1.200,0.001,21.805,24.515,0.001,0.057,0.619,17.428,0.168,14,12,0,22,2,0,17.626
8,Grid,3,11.871,0.128,1.311,0.001,24.255,28.410,0.001,0.051,0.606,11.022,0.099,14,12,0,22,2,0,20.198
8,Grid,4,12.670,0.127,0.857,0.001,21.976,18.541,0.001,0.056,0.694,11.726,0.093,14,12,0,22,2,0,13.273
8,Grid,5,11.518,0.111,0.841,0.001,23.076,18.217,0.001,0.055,0.800,10.469,0.093,14,12,0,22,2,0,12.978
8,Grid,6,12.436,0.101,0.847,0.001,22.963,20.744,0.001,0.058,0.723,11.424,0.095,14,12,0,22,2,0,13.155
8,Grid,7,12.855,0.131,0.901,0.001,22.423,18.179,0.001,0.051,0.696,11.906,0.097,14,12,0,22,2,0,12.880
8,Grid,8,11.295,0.152,0.868,0.001,23.085,18.428,0.001,0.054,0.631,10.386,0.130,14,12,0,22,2,0,12.912
8,Grid,9,16.948,0.130,1.293,0.001,25.050,24.947,0.001,0.059,0.654,15.959,0.185,14,12,0,22,2,0,18.300
8,Grid,10,11.940,0.145,1.196,0.001,17.295,26.186,0.001,0.055,0.653,11.002,0.123,14,12,0,22,2,0,20.067
