utc,awake_s,desktop_matches,session_active,own_foreground,visible,ac_line,battery_percent,suspended,session_interrupted,dpi_x,dpi_y,input_desktop_observed,thread_desktop_observed,desktop_access_error
2026-09-28T18:30:01.5853400+00:00,0.083,1,1,1,1,1,255,0,0,96,96,1,1,0
2026-09-28T18:30:02.6012302+00:00,1.099,1,1,1,1,1,255,0,0,96,96,1,1,0
2026-09-28T18:30:03.6015958+00:00,2.100,1,1,1,1,1,255,0,0,96,96,1,1,0
2026-09-28T18:30:04.6041676+00:00,3.102,1,1,1,1,1,255,0,0,96,96,1,1,0
2026-09-28T18:30:05.6045453+00:00,4.103,1,1,1,1,1,255,0,0,96,96,1,1,0
2026-09-28T18:30:06.6177891+00:00,5.116,1,1,1,1,1,255,0,0,96,96,1,1,0
2026-09-28T18:30:07.6279401+00:00,6.126,1,1,1,1,1,255,0,0,96,96,1,1,0
2026-09-28T18:30:08.6408584+00:00,7.139,1,1,1,1,1,255,0,0,96,96,1,1,0
2026-09-28T18:30:09.6523563+00:00,8.150,1,1,1,1,1,255,0,0,96,96,1,1,0
2026-09-28T18:30:10.6646096+00:00,9.163,1,1,1,1,1,255,0,0,96,96,1,1,0
2026-09-28T18:30:11.6647270+00:00,10.163,1,1,1,1,1,255,0,0,96,96,1,1,0
2026-09-28T18:30:12.6670115+00:00,11.165,1,1,1,1,1,255,0,0,96,96,1,1,0
2026-09-28T18:30:13.6681684+00:00,12.166,1,1,1,1,1,255,0,0,96,96,1,1,0
2026-09-28T18:30:14.6711113+00:00,13.169,1,1,1,1,1,255,0,0,96,96,1,1,0
2026-09-28T18:30:15.6838319+00:00,14.182,1,1,1,1,1,255,0,0,96,96,1,1,0
2026-09-28T18:30:16.6963349+00:00,15.194,1,1,1,1,1,255,0,0,96,96,1,1,0
2026-09-28T18:30:17.6984215+00:00,16.196,1,1,1,1,1,255,0,0,96,96,1,1,0
2026-09-28T18:30:18.7106131+00:00,17.208,1,1,1,1,1,255,0,0,96,96,1,1,0
2026-09-28T18:30:19.7112464+00:00,18.209,1,1,1,1,1,255,0,0,96,96,1,1,0
2026-09-28T18:30:20.7123352+00:00,19.210,1,1,1,1,1,255,0,0,96,96,1,1,0
2026-09-28T18:30:21.7125130+00:00,20.210,1,1,1,1,1,255,0,0,96,96,1,1,0
2026-09-28T18:30:21.7165767+00:00,20.214,1,1,1,1,1,255,0,0,96,96,1,1,0
2026-09-28T18:30:22.7253593+00:00,21.223,1,1,1,1,1,255,0,0,96,96,1,1,0
2026-09-28T18:30:23.7259899+00:00,22.224,1,1,1,1,1,255,0,0,96,96,1,1,0
2026-09-28T18:30:24.7266192+00:00,23.224,1,1,1,1,1,255,0,0,96,96,1,1,0
2026-09-28T18:30:25.7278235+00:00,24.226,1,1,1,1,1,255,0,0,96,96,1,1,0
2026-09-28T18:30:26.7298198+00:00,25.228,1,1,1,1,1,255,0,0,96,96,1,1,0
2026-09-28T18:30:27.7304163+00:00,26.228,1,1,1,1,1,255,0,0,96,96,1,1,0
2026-09-28T18:30:28.7373322+00:00,27.235,1,1,1,1,1,255,0,0,96,96,1,1,0
2026-09-28T18:30:29.7440507+00:00,28.242,1,1,1,1,1,255,0,0,96,96,1,1,0
2026-09-28T18:30:30.7463740+00:00,29.244,1,1,1,1,1,255,0,0,96,96,1,1,0
2026-09-28T18:30:31.7586182+00:00,30.256,1,1,1,1,1,255,0,0,96,96,1,1,0
2026-09-28T18:30:32.7591616+00:00,31.257,1,1,1,1,1,255,0,0,96,96,1,1,0
2026-09-28T18:30:33.7673459+00:00,32.265,1,1,1,1,1,255,0,0,96,96,1,1,0
2026-09-28T18:30:34.7796831+00:00,33.277,1,1,1,1,1,255,0,0,96,96,1,1,0
2026-09-28T18:30:35.7882869+00:00,34.286,1,1,1,1,1,255,0,0,96,96,1,1,0
2026-09-28T18:30:36.8043802+00:00,35.302,1,1,1,1,1,255,0,0,96,96,1,1,0
2026-09-28T18:30:37.8048371+00:00,36.302,1,1,1,1,1,255,0,0,96,96,1,1,0
2026-09-28T18:30:38.8058266+00:00,37.303,1,1,1,1,1,255,0,0,96,96,1,1,0
2026-09-28T18:30:39.8063088+00:00,38.304,1,1,1,1,1,255,0,0,96,96,1,1,0
2026-09-28T18:30:40.8074962+00:00,39.305,1,1,1,1,1,255,0,0,96,96,1,1,0
2026-09-28T18:30:41.8082010+00:00,40.306,1,1,1,1,1,255,0,0,96,96,1,1,0
2026-09-28T18:30:41.8102306+00:00,40.308,1,1,1,1,1,255,0,0,96,96,1,1,0
2026-09-28T18:30:42.8112622+00:00,41.309,1,1,1,1,1,255,0,0,96,96,1,1,0
2026-09-28T18:30:43.8293744+00:00,42.327,1,1,1,1,1,255,0,0,96,96,1,1,0
2026-09-28T18:30:44.8361633+00:00,43.334,1,1,1,1,1,255,0,0,96,96,1,1,0
2026-09-28T18:30:45.8375804+00:00,44.335,1,1,1,1,1,255,0,0,96,96,1,1,0
2026-09-28T18:30:46.8525289+00:00,45.350,1,1,1,1,1,255,0,0,96,96,1,1,0
2026-09-28T18:30:47.8534503+00:00,46.351,1,1,1,1,1,255,0,0,96,96,1,1,0
2026-09-28T18:30:48.8782330+00:00,47.376,1,1,1,1,1,255,0,0,96,96,1,1,0
2026-09-28T18:30:49.8901245+00:00,48.388,1,1,1,1,1,255,0,0,96,96,1,1,0
2026-09-28T18:30:50.9040373+00:00,49.401,1,1,1,1,1,255,0,0,96,96,1,1,0
2026-09-28T18:30:51.9049534+00:00,50.402,1,1,1,1,1,255,0,0,96,96,1,1,0
2026-09-28T18:30:52.9138395+00:00,51.411,1,1,1,1,1,255,0,0,96,96,1,1,0
2026-09-28T18:30:53.9149803+00:00,52.412,1,1,1,1,1,255,0,0,96,96,1,1,0
2026-09-28T18:30:54.9155098+00:00,53.413,1,1,1,1,1,255,0,0,96,96,1,1,0
2026-09-28T18:30:55.9195883+00:00,54.417,1,1,1,1,1,255,0,0,96,96,1,1,0
2026-09-28T18:30:56.9319422+00:00,55.429,1,1,1,1,1,255,0,0,96,96,1,1,0
2026-09-28T18:30:57.9323866+00:00,56.430,1,1,1,1,1,255,0,0,96,96,1,1,0
2026-09-28T18:30:58.9567989+00:00,57.454,1,1,1,1,1,255,0,0,96,96,1,1,0
2026-09-28T18:30:59.9731782+00:00,58.471,1,1,1,1,1,255,0,0,96,96,1,1,0
2026-09-28T18:31:00.9873881+00:00,59.485,1,1,1,1,1,255,0,0,96,96,1,1,0
2026-09-28T18:31:01.9926839+00:00,60.490,1,1,1,1,1,255,0,0,96,96,1,1,0
2026-09-28T18:31:01.9942714+00:00,60.492,1,1,1,1,1,255,0,0,96,96,1,1,0
2026-09-28T18:31:02.9965012+00:00,61.494,1,1,1,1,1,255,0,0,96,96,1,1,0
2026-09-28T18:31:03.9989480+00:00,62.496,1,1,1,1,1,255,0,0,96,96,1,1,0
2026-09-28T18:31:05.0050769+00:00,63.502,1,1,1,1,1,255,0,0,96,96,1,1,0
2026-09-28T18:31:06.0176104+00:00,64.515,1,1,1,1,1,255,0,0,96,96,1,1,0
2026-09-28T18:31:07.0298256+00:00,65.527,1,1,1,1,1,255,0,0,96,96,1,1,0
2026-09-28T18:31:08.0420280+00:00,66.539,1,1,1,1,1,255,0,0,96,96,1,1,0
2026-09-28T18:31:09.0548552+00:00,67.552,1,1,1,1,1,255,0,0,96,96,1,1,0
2026-09-28T18:31:10.0669770+00:00,68.564,1,1,1,1,1,255,0,0,96,96,1,1,0
2026-09-28T18:31:11.0786465+00:00,69.576,1,1,1,1,1,255,0,0,96,96,1,1,0
2026-09-28T18:31:12.0904461+00:00,70.588,1,1,1,1,1,255,0,0,96,96,1,1,0
2026-09-28T18:31:13.1033371+00:00,71.600,1,1,1,1,1,255,0,0,96,96,1,1,0
2026-09-28T18:31:14.1040813+00:00,72.601,1,1,1,1,1,255,0,0,96,96,1,1,0
2026-09-28T18:31:15.1123760+00:00,73.609,1,1,1,1,1,255,0,0,96,96,1,1,0
2026-09-28T18:31:16.1168227+00:00,74.614,1,1,1,1,1,255,0,0,96,96,1,1,0
2026-09-28T18:31:17.1176881+00:00,75.615,1,1,1,1,1,255,0,0,96,96,1,1,0
2026-09-28T18:31:18.1335091+00:00,76.631,1,1,1,1,1,255,0,0,96,96,1,1,0
2026-09-28T18:31:19.1342547+00:00,77.631,1,1,1,1,1,255,0,0,96,96,1,1,0
2026-09-28T18:31:20.1350228+00:00,78.632,1,1,1,1,1,255,0,0,96,96,1,1,0
2026-09-28T18:31:21.1356957+00:00,79.633,1,1,1,1,1,255,0,0,96,96,1,1,0
2026-09-28T18:31:22.1520379+00:00,80.649,1,1,1,1,1,255,0,0,96,96,1,1,0
2026-09-28T18:31:22.1520379+00:00,80.649,1,1,1,1,1,255,0,0,96,96,1,1,0
2026-09-28T18:31:23.1649408+00:00,81.662,1,1,1,1,1,255,0,0,96,96,1,1,0
2026-09-28T18:31:24.1674279+00:00,82.664,1,1,1,1,1,255,0,0,96,96,1,1,0
2026-09-28T18:31:25.1682628+00:00,83.665,1,1,1,1,1,255,0,0,96,96,1,1,0
2026-09-28T18:31:26.1707943+00:00,84.668,1,1,1,1,1,255,0,0,96,96,1,1,0
2026-09-28T18:31:27.1843649+00:00,85.681,1,1,1,1,1,255,0,0,96,96,1,1,0
2026-09-28T18:31:28.1968904+00:00,86.694,1,1,1,1,1,255,0,0,96,96,1,1,0
2026-09-28T18:31:29.1985792+00:00,87.695,1,1,1,1,1,255,0,0,96,96,1,1,0
2026-09-28T18:31:30.2231530+00:00,88.720,1,1,1,1,1,255,0,0,96,96,1,1,0
2026-09-28T18:31:31.2363347+00:00,89.733,1,1,1,1,1,255,0,0,96,96,1,1,0
2026-09-28T18:31:32.2468111+00:00,90.744,1,1,1,1,1,255,0,0,96,96,1,1,0
2026-09-28T18:31:33.2482533+00:00,91.745,1,1,1,1,1,255,0,0,96,96,1,1,0
2026-09-28T18:31:34.2578927+00:00,92.755,1,1,1,1,1,255,0,0,96,96,1,1,0
2026-09-28T18:31:35.2591445+00:00,93.756,1,1,1,1,1,255,0,0,96,96,1,1,0
2026-09-28T18:31:36.2605081+00:00,94.757,1,1,1,1,1,255,0,0,96,96,1,1,0
2026-09-28T18:31:37.2783850+00:00,95.775,1,1,1,1,1,255,0,0,96,96,1,1,0
2026-09-28T18:31:38.2914122+00:00,96.788,1,1,1,1,1,255,0,0,96,96,1,1,0
2026-09-28T18:31:39.3035950+00:00,97.800,1,1,1,1,1,255,0,0,96,96,1,1,0
2026-09-28T18:31:40.3050808+00:00,98.802,1,1,1,1,1,255,0,0,96,96,1,1,0
2026-09-28T18:31:41.3056687+00:00,99.802,1,1,1,1,1,255,0,0,96,96,1,1,0
2026-09-28T18:31:42.3060245+00:00,100.803,1,1,1,1,1,255,0,0,96,96,1,1,0
2026-09-28T18:31:42.3080479+00:00,100.805,1,1,1,1,1,255,0,0,96,96,1,1,0
2026-09-28T18:31:43.3221106+00:00,101.819,1,1,1,1,1,255,0,0,96,96,1,1,0
2026-09-28T18:31:44.3356006+00:00,102.832,1,1,1,1,1,255,0,0,96,96,1,1,0
2026-09-28T18:31:45.3363296+00:00,103.833,1,1,1,1,1,255,0,0,96,96,1,1,0
2026-09-28T18:31:46.3390708+00:00,104.836,1,1,1,1,1,255,0,0,96,96,1,1,0
2026-09-28T18:31:47.3414729+00:00,105.838,1,1,1,1,1,255,0,0,96,96,1,1,0
2026-09-28T18:31:48.3552850+00:00,106.852,1,1,1,1,1,255,0,0,96,96,1,1,0
2026-09-28T18:31:49.3566842+00:00,107.853,1,1,1,1,1,255,0,0,96,96,1,1,0
2026-09-28T18:31:50.3809716+00:00,108.877,1,1,1,1,1,255,0,0,96,96,1,1,0
2026-09-28T18:31:51.4101059+00:00,109.907,1,1,1,1,1,255,0,0,96,96,1,1,0
2026-09-28T18:31:52.4174487+00:00,110.914,1,1,1,1,1,255,0,0,96,96,1,1,0
2026-09-28T18:31:53.4203150+00:00,111.917,1,1,1,1,1,255,0,0,96,96,1,1,0
2026-09-28T18:31:54.4334682+00:00,112.930,1,1,1,1,1,255,0,0,96,96,1,1,0
2026-09-28T18:31:55.4611668+00:00,113.958,1,1,1,1,1,255,0,0,96,96,1,1,0
2026-09-28T18:31:56.4622967+00:00,114.959,1,1,1,1,1,255,0,0,96,96,1,1,0
2026-09-28T18:31:57.4634476+00:00,115.960,1,1,1,1,1,255,0,0,96,96,1,1,0
2026-09-28T18:31:58.4650337+00:00,116.961,1,1,1,1,1,255,0,0,96,96,1,1,0
2026-09-28T18:31:59.4794030+00:00,117.976,1,1,1,1,1,255,0,0,96,96,1,1,0
2026-09-28T18:32:00.4910689+00:00,118.987,1,1,1,1,1,255,0,0,96,96,1,1,0
2026-09-28T18:32:01.5054653+00:00,120.002,1,1,1,1,1,255,0,0,96,96,1,1,0
2026-09-28T18:32:02.5155347+00:00,121.012,1,1,1,1,1,255,0,0,96,96,1,1,0
2026-09-28T18:32:02.5155347+00:00,121.012,1,1,1,1,1,255,0,0,96,96,1,1,0
2026-09-28T18:32:03.5272128+00:00,122.024,1,1,1,1,1,255,0,0,96,96,1,1,0
2026-09-28T18:32:04.5289613+00:00,123.025,1,1,1,1,1,255,0,0,96,96,1,1,0
2026-09-28T18:32:05.5353889+00:00,124.032,1,1,1,1,1,255,0,0,96,96,1,1,0
2026-09-28T18:32:06.5481676+00:00,125.044,1,1,1,1,1,255,0,0,96,96,1,1,0
2026-09-28T18:32:07.5607913+00:00,126.057,1,1,1,1,1,255,0,0,96,96,1,1,0
2026-09-28T18:32:08.5737749+00:00,127.070,1,1,1,1,1,255,0,0,96,96,1,1,0
2026-09-28T18:32:09.5756562+00:00,128.072,1,1,1,1,1,255,0,0,96,96,1,1,0
2026-09-28T18:32:10.5878044+00:00,129.084,1,1,1,1,1,255,0,0,96,96,1,1,0
2026-09-28T18:32:11.5944943+00:00,130.091,1,1,1,1,1,255,0,0,96,96,1,1,0
2026-09-28T18:32:12.6064552+00:00,131.103,1,1,1,1,1,255,0,0,96,96,1,1,0
2026-09-28T18:32:13.6191224+00:00,132.115,1,1,1,1,1,255,0,0,96,96,1,1,0
2026-09-28T18:32:14.6196224+00:00,133.116,1,1,1,1,1,255,0,0,96,96,1,1,0
2026-09-28T18:32:15.6199870+00:00,134.116,1,1,1,1,1,255,0,0,96,96,1,1,0
2026-09-28T18:32:16.6223884+00:00,135.118,1,1,1,1,1,255,0,0,96,96,1,1,0
2026-09-28T18:32:17.6367106+00:00,136.133,1,1,1,1,1,255,0,0,96,96,1,1,0
2026-09-28T18:32:18.6387298+00:00,137.135,1,1,1,1,1,255,0,0,96,96,1,1,0
2026-09-28T18:32:19.6612320+00:00,138.157,1,1,1,1,1,255,0,0,96,96,1,1,0
2026-09-28T18:32:20.6656714+00:00,139.162,1,1,1,1,1,255,0,0,96,96,1,1,0
2026-09-28T18:32:21.6691605+00:00,140.165,1,1,1,1,1,255,0,0,96,96,1,1,0
2026-09-28T18:32:22.6822539+00:00,141.178,1,1,1,1,1,255,0,0,96,96,1,1,0
2026-09-28T18:32:22.6822539+00:00,141.178,1,1,1,1,1,255,0,0,96,96,1,1,0
2026-09-28T18:32:23.6946614+00:00,142.191,1,1,1,1,1,255,0,0,96,96,1,1,0
2026-09-28T18:32:24.6978867+00:00,143.194,1,1,1,1,1,255,0,0,96,96,1,1,0
2026-09-28T18:32:25.7034617+00:00,144.199,1,1,1,1,1,255,0,0,96,96,1,1,0
2026-09-28T18:32:26.7155948+00:00,145.211,1,1,1,1,1,255,0,0,96,96,1,1,0
2026-09-28T18:32:27.7281374+00:00,146.224,1,1,1,1,1,255,0,0,96,96,1,1,0
2026-09-28T18:32:28.7292333+00:00,147.225,1,1,1,1,1,255,0,0,96,96,1,1,0
2026-09-28T18:32:29.7368712+00:00,148.233,1,1,1,1,1,255,0,0,96,96,1,1,0
2026-09-28T18:32:30.7502462+00:00,149.246,1,1,1,1,1,255,0,0,96,96,1,1,0
2026-09-28T18:32:31.7622214+00:00,150.258,1,1,1,1,1,255,0,0,96,96,1,1,0
2026-09-28T18:32:32.7741298+00:00,151.270,1,1,1,1,1,255,0,0,96,96,1,1,0
2026-09-28T18:32:33.7752686+00:00,152.271,1,1,1,1,1,255,0,0,96,96,1,1,0
2026-09-28T18:32:34.7831097+00:00,153.279,1,1,1,1,1,255,0,0,96,96,1,1,0
2026-09-28T18:32:35.7955308+00:00,154.291,1,1,1,1,1,255,0,0,96,96,1,1,0
2026-09-28T18:32:36.8084951+00:00,155.304,1,1,1,1,1,255,0,0,96,96,1,1,0
2026-09-28T18:32:37.8098728+00:00,156.306,1,1,1,1,1,255,0,0,96,96,1,1,0
2026-09-28T18:32:38.8330989+00:00,157.329,1,1,1,1,1,255,0,0,96,96,1,1,0
2026-09-28T18:32:39.8454236+00:00,158.341,1,1,1,1,1,255,0,0,96,96,1,1,0
2026-09-28T18:32:40.8578044+00:00,159.353,1,1,1,1,1,255,0,0,96,96,1,1,0
2026-09-28T18:32:41.8595182+00:00,160.355,1,1,1,1,1,255,0,0,96,96,1,1,0
2026-09-28T18:32:42.8722392+00:00,161.368,1,1,1,1,1,255,0,0,96,96,1,1,0
2026-09-28T18:32:42.8742596+00:00,161.370,1,1,1,1,1,255,0,0,96,96,1,1,0
2026-09-28T18:32:43.8844451+00:00,162.380,1,1,1,1,1,255,0,0,96,96,1,1,0
2026-09-28T18:32:44.8849374+00:00,163.381,1,1,1,1,1,255,0,0,96,96,1,1,0
2026-09-28T18:32:45.8871952+00:00,164.383,1,1,1,1,1,255,0,0,96,96,1,1,0
2026-09-28T18:32:46.9007979+00:00,165.396,1,1,1,1,1,255,0,0,96,96,1,1,0
2026-09-28T18:32:47.9294313+00:00,166.425,1,1,1,1,1,255,0,0,96,96,1,1,0
2026-09-28T18:32:48.9310148+00:00,167.427,1,1,1,1,1,255,0,0,96,96,1,1,0
2026-09-28T18:32:49.9320807+00:00,168.428,1,1,1,1,1,255,0,0,96,96,1,1,0
2026-09-28T18:32:50.9328533+00:00,169.428,1,1,1,1,1,255,0,0,96,96,1,1,0
2026-09-28T18:32:51.9473256+00:00,170.443,1,1,1,1,1,255,0,0,96,96,1,1,0
2026-09-28T18:32:52.9601997+00:00,171.456,1,1,1,1,1,255,0,0,96,96,1,1,0
2026-09-28T18:32:53.9732845+00:00,172.469,1,1,1,1,1,255,0,0,96,96,1,1,0
2026-09-28T18:32:54.9817563+00:00,173.477,1,1,1,1,1,255,0,0,96,96,1,1,0
2026-09-28T18:32:55.9979327+00:00,174.493,1,1,1,1,1,255,0,0,96,96,1,1,0
2026-09-28T18:32:56.9988037+00:00,175.494,1,1,1,1,1,255,0,0,96,96,1,1,0
2026-09-28T18:32:57.9984650+00:00,176.494,1,1,1,1,1,255,0,0,96,96,1,1,0
2026-09-28T18:32:59.0051952+00:00,177.501,1,1,1,1,1,255,0,0,96,96,1,1,0
2026-09-28T18:33:00.0179101+00:00,178.513,1,1,1,1,1,255,0,0,96,96,1,1,0
2026-09-28T18:33:01.0301050+00:00,179.526,1,1,1,1,1,255,0,0,96,96,1,1,0
2026-09-28T18:33:02.0421547+00:00,180.538,1,1,1,1,1,255,0,0,96,96,1,1,0
2026-09-28T18:33:03.0469645+00:00,181.542,1,1,1,1,1,255,0,0,96,96,1,1,0
