cycle,elapsed_s,private_bytes,managed_bytes,pending,oldest_ms,focus_pending,focus_oldest_ms,scroll_pending,scroll_oldest_ms,closed_rooted_windows,cache_bytes,input_ms,render_ms,databind_ms,background_ms,observer_dropped,environment_valid,suspended,inactive_pending,oldest_posted_ms,handles,threads,gc0,gc1,gc2,metadata_entries,peak_observed_dispatcher,focus_peak,scroll_peak,focus_maximum_wait_ms,scroll_maximum_wait_ms
0,22.761,75390976,13134732,2,343.858,0,0.000,0,0.000,0,0,0.181,0.101,0.056,0.413,0,1,0,2,465.844,544,25,56,36,4,500,45,1,1,244.099,243.812
1,45.071,78614528,16036332,1,2.586,0,0.000,0,0.000,0,0,0.160,0.055,0.053,0.054,0,1,0,3,2.586,564,26,75,43,5,500,45,1,1,65.344,45.551
2,67.555,78884864,12558392,0,0.000,0,0.000,0,0.000,0,0,0.171,0.055,0.131,0.065,0,1,0,3,0.000,548,22,94,52,6,500,45,1,1,30.228,18.359
3,89.853,80117760,10022848,0,0.000,0,0.000,0,0.000,0,0,0.135,0.053,0.050,0.052,0,1,0,3,0.000,545,22,113,59,7,500,45,1,1,51.792,26.814
4,112.122,78782464,14601740,0,0.000,0,0.000,0,0.000,0,0,0.135,0.054,0.052,0.053,0,1,0,5,0.000,567,26,132,66,7,500,45,1,1,36.746,23.272
5,134.428,79126528,13470104,0,0.000,0,0.000,0,0.000,0,0,0.139,0.057,0.052,0.054,0,1,0,5,0.000,570,25,151,73,8,500,45,1,1,46.600,26.184
6,156.777,81547264,10088344,3,364.861,0,0.000,0,0.000,0,0,0.377,0.084,0.063,0.498,0,1,0,1,480.355,568,25,172,80,9,500,45,1,1,66.452,26.958
7,179.103,79515648,12651132,0,0.000,0,0.000,0,0.000,0,0,0.116,0.054,0.052,0.053,0,1,0,3,0.000,558,25,191,88,10,500,45,1,1,53.247,22.260
8,201.431,81227776,13244044,0,0.000,0,0.000,0,0.000,0,0,0.143,0.054,0.053,0.095,0,1,0,5,0.000,557,24,211,97,11,500,45,1,1,42.339,44.704
