cycle,phase,ordinal,service_complete_ms,ui_return_ms,apply_ms,layout_ms,bitmap_ms,rows_realized,grid_realized,collection_changes,row_notifications,private_bytes,managed_bytes,gc0,gc1,gc2,cpu_ms
0,Rows,1,12.156,766.171,0.790,3.308,0.000,13,100,0,22,132530176,16015496,20,17,4,687.500
0,Rows,2,2.051,65.754,0.512,2.290,0.000,25,100,0,22,136040448,20325444,20,17,4,109.375
0,Rows,3,1.791,6.067,0.404,2.339,0.000,25,100,0,22,136245248,21226916,20,17,4,15.625
0,Rows,4,14.725,2.606,0.382,2.554,0.000,25,100,0,22,136704000,16696256,21,18,4,15.625
0,Rows,5,1.832,4.996,0.570,3.034,0.000,25,100,0,22,138203136,17628608,21,18,4,0.000
0,Rows,6,1.674,5.893,0.390,2.269,0.000,25,100,0,22,138330112,18571216,21,18,4,0.000
0,Rows,7,1.709,0.012,0.370,2.209,0.000,25,100,0,22,138330112,19022432,21,18,4,0.000
0,Rows,8,1.626,3.997,0.383,3.050,0.000,25,100,0,22,138330112,19906484,21,18,4,15.625
0,Rows,9,1.640,4.744,0.454,2.887,0.000,25,100,0,22,138330112,20829280,21,18,4,15.625
0,Rows,10,1.625,12.523,0.407,15.242,0.000,25,100,0,22,138149888,16542332,22,19,4,31.250
0,Grid,1,2.203,20.802,0.464,16.857,0.000,25,100,0,22,139042816,16257404,23,19,4,46.875
0,Grid,2,2.856,3.688,0.447,2.310,0.000,25,100,0,22,139042816,17222440,23,19,4,0.000
0,Grid,3,1.641,5.367,0.559,2.190,0.000,25,100,0,22,139042816,18161132,23,19,4,15.625
0,Grid,4,1.681,3.232,0.382,2.295,0.000,25,100,0,22,139042816,19098264,23,19,4,62.500
0,Grid,5,1.740,4.185,0.436,2.553,0.000,25,100,0,22,139128832,20095052,23,19,4,31.250
0,Grid,6,1.729,4.090,0.384,2.289,0.000,25,100,0,22,139128832,21070228,23,19,4,15.625
0,Grid,7,6.391,0.731,0.484,2.234,0.000,25,100,0,22,139128832,16714868,24,19,4,15.625
0,Grid,8,2.279,4.249,0.447,2.514,0.000,25,100,0,22,139247616,17671484,24,19,4,0.000
0,Grid,9,1.650,0.789,0.377,2.564,0.000,25,100,0,22,139333632,18163196,24,19,4,0.000
0,Grid,10,1.567,3.724,0.353,2.262,0.000,25,100,0,22,139333632,19097392,24,19,4,15.625
1,Rows,1,1.934,0.027,0.519,22.387,0.001,12,100,0,22,153485312,30723844,39,26,5,46.875
1,Rows,2,1.828,0.873,0.690,1.849,0.000,12,100,0,22,153538560,26205844,40,26,5,15.625
1,Rows,3,2.323,63.452,0.446,2.135,0.000,12,100,0,22,154120192,17888024,41,27,6,93.750
1,Rows,4,1.728,3.179,0.304,1.845,0.000,12,100,0,22,154836992,18753804,41,27,6,46.875
1,Rows,5,1.634,3.138,0.319,1.921,0.000,12,100,0,22,154882048,15379096,42,27,6,0.000
1,Rows,6,2.170,2.363,0.368,2.217,0.000,12,100,0,22,154882048,16246260,42,27,6,15.625
1,Rows,7,1.716,3.340,0.393,2.209,0.000,12,100,0,22,154882048,17096120,42,27,6,15.625
1,Rows,8,1.623,4.303,0.354,1.975,0.000,12,100,0,22,154882048,17955488,42,27,6,0.000
1,Rows,9,1.622,4.793,0.389,2.139,0.000,12,100,0,22,154882048,18820756,42,27,6,0.000
1,Rows,10,1.670,5.430,0.424,1.903,0.000,12,100,0,22,154882048,19694180,42,27,6,15.625
1,Grid,1,2.505,34.092,0.413,2.208,0.000,12,100,0,22,154640384,16420104,43,28,6,31.250
1,Grid,2,4.036,4.131,0.407,2.408,0.000,12,100,0,22,155115520,17346316,43,28,6,0.000
1,Grid,3,1.721,4.165,0.365,2.710,0.000,12,100,0,22,155123712,18254828,43,28,6,0.000
1,Grid,4,1.745,3.762,0.477,2.558,0.000,12,100,0,22,155123712,19172540,43,28,6,0.000
1,Grid,5,1.630,3.502,0.364,1.770,0.000,12,100,0,22,155123712,20072300,43,28,6,31.250
1,Grid,6,1.675,11.376,0.502,2.397,0.000,12,100,0,22,155123712,15962588,44,28,6,46.875
1,Grid,7,1.977,3.869,0.398,2.039,0.000,12,100,0,22,155123712,16894872,44,28,6,62.500
1,Grid,8,3.297,4.031,0.418,1.823,0.000,12,100,0,22,155123712,17877232,44,28,6,46.875
1,Grid,9,1.948,4.288,0.418,2.059,0.000,12,100,0,22,155144192,18785264,44,28,6,31.250
1,Grid,10,1.702,3.189,0.377,1.774,0.000,12,100,0,22,155144192,19881860,44,28,6,15.625
2,Rows,1,1.657,79.131,0.741,2.656,0.001,12,100,0,22,157347840,29268848,60,35,7,93.750
2,Rows,2,3.576,6.928,0.602,1.855,0.000,12,100,0,22,156942336,30168328,60,35,7,0.000
2,Rows,3,1.816,4.993,0.596,1.903,0.000,12,100,0,22,156950528,31076920,60,35,7,0.000
2,Rows,4,4.396,1.858,0.509,1.854,0.000,12,100,0,22,156954624,31976368,60,35,7,0.000
2,Rows,5,3.812,1.962,0.504,2.042,0.000,12,100,0,22,156958720,26696624,61,36,7,0.000
2,Rows,6,1.785,7.062,0.576,3.291,0.000,12,100,0,22,157036544,27614616,61,36,7,15.625
2,Rows,7,1.694,4.019,0.624,1.930,0.000,12,100,0,22,157036544,28506736,61,36,7,15.625
2,Rows,8,1.786,4.785,0.601,1.999,0.000,12,100,0,22,157032448,29399988,61,36,7,31.250
2,Rows,9,2.245,7.563,0.588,2.163,0.000,12,100,0,22,157032448,30309808,61,36,7,15.625
2,Rows,10,1.820,4.021,0.494,2.051,0.000,12,100,0,22,157036544,31202444,61,36,7,31.250
2,Grid,1,1.701,51.505,0.455,2.691,0.000,12,100,0,22,157032448,17068296,63,37,8,93.750
2,Grid,2,3.670,4.717,0.450,2.377,0.000,12,100,0,22,157032448,17999864,63,37,8,15.625
2,Grid,3,2.089,5.526,0.449,2.305,0.000,12,100,0,22,157032448,18907384,63,37,8,15.625
2,Grid,4,3.102,0.144,0.424,2.705,0.000,12,100,0,22,157032448,19480252,63,37,8,31.250
2,Grid,5,9.502,3.402,0.382,18.079,0.001,12,100,0,22,157032448,15943144,64,37,8,15.625
2,Grid,6,2.494,4.504,0.450,2.210,0.000,12,100,0,22,157032448,16859052,64,37,8,15.625
2,Grid,7,1.731,3.493,0.394,2.497,0.000,12,100,0,22,157032448,17775588,64,37,8,15.625
2,Grid,8,2.076,6.417,0.533,3.786,0.000,12,100,0,22,157032448,18684264,64,37,8,15.625
2,Grid,9,2.693,3.218,0.492,2.215,0.000,12,100,0,22,157032448,19585352,64,37,8,15.625
2,Grid,10,1.770,3.916,0.397,1.683,0.000,12,100,0,22,157032448,20502736,64,37,8,15.625
3,Rows,1,2.035,77.239,0.671,2.291,0.000,12,100,0,22,158384128,28708228,81,45,9,78.125
3,Rows,2,1.818,5.382,0.630,2.489,0.000,12,100,0,22,158486528,29618156,81,45,9,31.250
3,Rows,3,3.240,5.608,0.632,1.841,0.000,12,100,0,22,158486528,30519644,81,45,9,15.625
3,Rows,4,4.166,5.046,0.619,1.858,0.000,12,100,0,22,158486528,31409148,81,45,9,31.250
3,Rows,5,1.702,6.286,0.510,1.734,0.000,12,100,0,22,158486528,32309776,81,45,9,15.625
3,Rows,6,2.507,5.127,0.653,1.869,0.001,12,100,0,22,158486528,33201304,81,45,9,15.625
3,Rows,7,11.207,0.773,0.558,16.337,0.000,12,100,0,22,158494720,27588408,82,46,9,31.250
3,Rows,8,3.574,5.380,0.680,3.372,0.000,12,100,0,22,158498816,28495352,82,46,9,62.500
3,Rows,9,3.002,5.189,0.636,2.240,0.000,12,100,0,22,158560256,29403876,82,46,9,46.875
3,Rows,10,3.098,5.491,0.649,1.191,0.000,13,100,0,22,158560256,30181212,82,46,9,46.875
3,Grid,1,3.814,48.508,0.351,2.043,0.000,13,100,0,22,158560256,15799104,84,47,10,78.125
3,Grid,2,3.264,2.359,0.394,1.953,0.000,13,100,0,22,158638080,16741316,84,47,10,15.625
3,Grid,3,1.850,1.009,0.492,2.120,0.000,13,100,0,22,158638080,17322280,84,47,10,0.000
3,Grid,4,1.710,7.244,0.484,2.741,0.000,13,100,0,22,158642176,18240376,84,47,10,0.000
3,Grid,5,1.775,4.165,0.420,1.620,0.000,13,100,0,22,158642176,19157104,84,47,10,0.000
3,Grid,6,1.697,4.106,0.400,1.836,0.000,13,100,0,22,158638080,20064704,84,47,10,31.250
3,Grid,7,5.950,4.113,0.439,2.252,0.000,13,100,0,22,158638080,16072668,85,47,10,15.625
3,Grid,8,2.933,2.254,0.356,2.427,0.000,13,100,0,22,158638080,17003988,85,47,10,62.500
3,Grid,9,1.607,2.670,0.534,2.377,0.000,13,100,0,22,158638080,18051384,85,47,10,46.875
3,Grid,10,2.518,3.398,0.315,2.900,0.000,13,100,0,22,158642176,18966916,85,47,10,31.250
