"variant","products","cart","mode","warm_samples","ui_p50","ui_p95","ui_max","second_scan_p50","third_scan_p50","grid_containers_max","idle_managed_max","observer_dropped","source"
"baseline","20000","50","Rows","30","5.09","38.589","66.77","5","4.348","50","24182032","0","baseline-scale-20000-50"
"baseline","20000","50","Grid","30","5.907","24.737","33.179","5.501","12.949","50","24182032","0","baseline-scale-20000-50"
"patched","20000","50","Rows","30","3.634","220.781","285.389","9.707","3.509","11","15134072","0","patched-scale-20000-50"
"patched","20000","50","Grid","30","2.948","6.928","28.617","6.652","3.288","11","15134072","0","patched-scale-20000-50"
"baseline","20000","100","Rows","30","9.657","82.625","97.361","10.776","10.595","100","19849520","0","baseline-scale-20000-100"
"baseline","20000","100","Grid","30","9.301","54.811","56.027","9.755","8.259","100","19849520","0","baseline-scale-20000-100"
"patched","20000","100","Rows","30","4.003","276.675","422.09","12.7","4.184","10","16577980","0","patched-scale-20000-100"
"patched","20000","100","Grid","30","4.116","6.345","8.15","4.327","3.654","10","16577980","0","patched-scale-20000-100"
"baseline","20000","500","Rows","30","60.783","3422.548","3422.595","3422.548","17.244","500","61895632","0","baseline-scale-20000-500"
"baseline","20000","500","Grid","30","55.392","158.986","159.603","56.222","95.117","500","61895632","0","baseline-scale-20000-500"
"patched","20000","500","Rows","30","13","259.458","349.414","12.055","15.054","11","12901572","0","patched-scale-20000-500"
"patched","20000","500","Grid","30","10.038","18.744","25.998","18.744","9.195","11","12901572","0","patched-scale-20000-500"
"baseline","100000","50","Rows","30","5.335","47.669","50.63","6.828","5.666","50","23735536","0","baseline-scale-100000-50"
"baseline","100000","50","Grid","30","5.776","18.762","30.133","18.762","6.914","50","23735536","0","baseline-scale-100000-50"
"patched","100000","50","Rows","30","2.397","206.398","215.591","2.208","7.187","11","11506376","0","patched-scale-100000-50"
"patched","100000","50","Grid","30","2.41","7.897","10.133","2.464","2.046","11","11506376","0","patched-scale-100000-50"
"baseline","100000","100","Rows","30","10.156","82.236","84.185","10.319","11.321","100","19436104","0","baseline-scale-100000-100"
"baseline","100000","100","Grid","30","8.713","54.716","56.352","10.982","8.961","100","19436104","0","baseline-scale-100000-100"
"patched","100000","100","Rows","30","2.664","166.963","179.196","11.81","2.569","10","15206904","0","patched-scale-100000-100"
"patched","100000","100","Grid","30","2.674","5.09","12.338","3.717","3.043","10","15206904","0","patched-scale-100000-100"
"baseline","100000","500","Rows","30","71.375","2037.738","2173.658","19.506","2037.738","500","60835624","0","d-alternate"
"baseline","100000","500","Grid","30","55.594","190.937","241.672","71.185","55.594","500","60835624","0","d-alternate"
"patched","100000","500","Rows","30","8.032","227.61","302.621","7.549","7.808","11","12472500","0","patched-scale-100000-500"
"patched","100000","500","Grid","30","8.167","14.509","15.166","14.509","8.167","11","12472500","0","patched-scale-100000-500"
