products,cycle,phase,elapsed_s,private_bytes,managed_bytes,handles,gdi,user,threads,gc0,gc1,gc2,dispatcher_ms,pending_dispatcher,cache_entries,image_lookups,scan_ms,render_ms,native_input_pending
100000,0,Rows,2.076,253894656,104507752,670,24,50,42,156,125,13,0.707,30,0,0,1759.875,115.233,1
100000,0,Rows,3.854,265904128,107349508,667,26,49,42,175,141,16,0.200,33,0,0,86.953,1687.412,1
100000,0,Rows,3.995,268292096,108681268,668,28,49,43,176,142,16,0.179,29,0,0,14.027,122.680,1
100000,0,Rows,4.254,281317376,107495600,668,30,49,43,179,145,17,0.243,32,0,0,111.246,144.031,1
100000,0,Rows,4.465,292921344,110071256,668,27,49,43,181,146,17,0.253,23,0,0,64.645,142.758,1
100000,0,Rows,4.692,294318080,107484644,668,28,49,43,184,149,18,0.419,23,0,0,63.656,158.311,1
100000,0,Rows,4.853,281268224,110824184,668,30,49,43,185,150,18,0.254,23,0,0,39.944,116.735,1
100000,0,Rows,5.029,296099840,111755732,668,32,49,43,187,151,18,0.271,23,0,0,63.051,109.125,1
100000,0,Rows,5.204,281960448,111834864,668,34,49,43,189,153,18,0.231,23,0,0,57.764,113.239,1
100000,0,Rows,5.409,297840640,107515164,668,36,49,43,192,155,19,0.274,23,0,0,60.458,141.218,1
100000,0,Grid,5.868,299270144,111474056,671,40,49,43,197,157,19,0.214,21,500,0,142.020,105.827,1
100000,0,Grid,6.038,299360256,112496660,671,42,49,43,199,158,19,0.188,21,500,0,59.176,106.728,1
100000,0,Grid,6.210,299335680,112921596,671,44,49,43,201,159,19,0.182,21,500,0,62.171,107.177,1
100000,0,Grid,6.412,300396544,107678400,671,26,49,43,204,161,20,0.200,21,500,0,60.275,137.604,1
100000,0,Grid,6.591,300728320,109218324,671,28,49,43,206,163,20,0.199,21,500,0,61.950,113.538,1
100000,0,Grid,6.752,300961792,111529748,671,30,49,43,208,164,20,0.197,21,500,0,60.998,96.595,1
100000,0,Grid,6.921,292601856,111643008,671,32,49,43,210,166,20,0.185,21,500,0,60.842,104.747,1
100000,0,Grid,7.088,300474368,112968480,671,34,49,43,212,167,20,0.191,21,500,0,59.160,103.881,1
100000,0,Grid,7.256,301113344,113045692,671,36,49,43,214,169,20,0.191,21,500,0,59.273,105.198,1
100000,0,Grid,7.453,302108672,107686864,671,38,49,43,217,172,21,0.263,21,500,0,60.745,133.306,1
100000,0,before_idle,8.879,318808064,111980136,733,32,48,43,232,186,22,0.087,47,500,0,0.000,0.000,1
100000,0,after_idle,28.893,302088192,111108936,720,28,46,44,472,426,22,0.038,26,500,0,0.000,0.000,1
100000,1,Rows,31.263,360988672,171074032,719,29,46,43,500,453,22,0.223,1076,500,0,91.638,220.256,1
100000,1,Rows,31.455,363859968,168025068,692,30,46,44,502,455,23,0.221,846,500,0,7.461,180.570,1
100000,1,Rows,33.339,366735360,64810552,686,28,46,43,518,469,24,0.268,42,500,0,1666.798,213.781,1
100000,1,Rows,33.599,239304704,61053516,687,29,46,44,520,470,25,0.176,40,500,0,7.203,247.829,1
100000,1,Rows,33.762,243212288,67092280,687,30,46,44,521,470,25,0.343,36,500,0,39.750,104.981,1
100000,1,Rows,33.969,240300032,64809116,688,31,46,44,524,472,26,0.229,36,500,0,56.203,147.215,1
100000,1,Rows,34.145,240955392,64678096,687,32,46,44,526,474,26,0.228,36,500,0,56.150,116.697,1
100000,1,Rows,34.294,241459200,67071656,687,34,46,44,527,475,26,0.218,36,500,0,37.802,107.711,1
100000,1,Rows,34.504,240869376,64729244,687,36,46,44,530,477,27,0.218,36,500,0,55.327,150.760,1
100000,1,Rows,34.680,241000448,64679432,687,38,46,44,532,479,27,0.220,36,500,0,56.874,115.960,1
100000,1,Grid,34.999,241291264,64811832,687,42,46,44,536,482,28,0.201,34,500,0,139.598,142.385,1
100000,1,Grid,35.168,240943104,65227084,687,44,46,44,538,484,28,0.215,34,500,0,54.818,110.442,1
100000,1,Grid,35.352,241995776,64900048,687,46,46,44,540,486,29,0.189,34,500,0,37.104,143.319,1
100000,1,Grid,35.508,242008064,66358708,687,28,46,44,542,487,29,0.195,34,500,0,52.517,99.838,1
100000,1,Grid,35.712,232681472,64803384,687,30,46,44,545,489,30,0.193,34,500,0,54.216,147.007,1
100000,1,Grid,35.886,241106944,64876028,687,32,46,44,547,491,30,0.193,34,500,0,56.901,113.452,1
100000,1,Grid,36.070,241430528,64971636,687,34,46,44,549,493,31,0.194,34,500,0,38.394,141.781,1
100000,1,Grid,36.228,241213440,66305248,687,36,46,44,551,494,31,0.192,34,500,0,53.685,100.099,1
100000,1,Grid,36.431,240996352,64809800,687,38,46,44,554,496,32,0.207,34,500,0,55.236,144.448,1
100000,1,Grid,36.610,241287168,64862908,687,40,46,44,556,498,32,0.199,34,500,0,60.446,113.949,1
100000,1,before_idle,37.930,255614976,62564984,725,32,48,44,571,513,33,0.098,61,500,0,0.000,0.000,1
100000,1,after_idle,57.987,240128000,69586964,714,28,44,37,827,769,33,0.110,51,500,0,0.000,0.000,1
100000,2,Rows,60.380,300896256,121959968,675,27,43,38,857,798,34,0.217,1087,500,0,60.168,239.911,1
100000,2,Rows,60.493,301056000,122278844,675,28,43,38,858,799,34,0.218,911,500,0,7.578,102.145,1
100000,2,Rows,62.303,303398912,67466864,669,30,43,37,875,813,36,0.204,66,500,0,1614.753,191.089,1
100000,2,Rows,62.509,304168960,67521196,670,29,43,38,877,815,36,0.193,60,500,0,65.681,136.776,1
100000,2,Rows,62.671,303689728,69924132,670,30,43,38,878,816,36,0.187,60,500,0,41.174,117.459,1
100000,2,Rows,62.901,303521792,67224896,670,32,43,38,881,818,37,0.193,60,500,0,60.697,165.801,1
100000,2,Rows,63.096,304488448,67024844,670,34,43,38,883,820,37,0.177,60,500,0,60.987,130.452,1
100000,2,Rows,63.260,305451008,69476712,670,36,43,38,884,821,37,0.194,60,500,0,39.980,120.743,1
100000,2,Rows,63.489,304566272,67130232,670,38,43,38,887,823,38,0.201,60,500,0,59.475,165.628,1
100000,2,Rows,63.679,304685056,67041924,670,40,43,38,889,825,38,0.193,60,500,0,61.283,124.074,1
100000,2,Grid,64.026,305172480,67267496,670,44,43,38,893,828,39,0.268,58,500,0,147.761,162.739,1
100000,2,Grid,64.212,305786880,67625316,670,46,43,38,895,830,39,0.193,58,500,0,62.453,119.109,1
100000,2,Grid,64.370,306462720,70161904,670,28,43,38,896,831,39,0.224,58,500,0,38.997,115.612,1
100000,2,Grid,64.600,305729536,67460500,670,30,43,38,899,833,40,0.193,58,500,0,61.201,167.083,1
100000,2,Grid,64.782,293437440,67833564,670,32,43,38,901,835,40,0.197,58,500,0,60.355,118.220,1
100000,2,Grid,65.004,306061312,66473888,670,34,43,38,904,837,41,0.201,58,500,0,62.840,155.071,1
100000,2,Grid,65.167,306683904,68640624,670,36,43,38,905,838,41,0.279,58,500,0,39.301,119.527,1
100000,2,Grid,65.374,305950720,67455672,670,38,43,38,908,841,42,0.192,58,500,0,60.004,143.390,1
100000,2,Grid,65.525,306475008,70218848,670,40,43,38,909,842,42,0.196,58,500,0,61.320,86.567,1
100000,2,Grid,65.737,305360896,67165192,670,42,43,38,912,844,43,0.193,58,500,0,58.423,150.153,1
100000,2,before_idle,67.049,321429504,66437640,723,32,45,38,927,858,44,0.083,84,500,0,0.000,0.000,1
100000,2,after_idle,87.073,303747072,71297720,707,26,43,37,1170,1100,44,0.628,74,500,0,0.000,0.000,1
100000,3,Rows,89.500,321769472,126229796,674,27,43,38,1200,1128,46,0.270,1110,500,0,93.098,226.550,1
100000,3,Rows,89.646,321667072,109283268,674,28,43,38,1202,1130,47,0.223,868,500,0,8.311,133.802,1
100000,3,Rows,91.381,324083712,96586788,668,30,43,37,1218,1143,48,0.195,89,500,0,1618.594,113.008,1
100000,3,Rows,91.628,323543040,69046324,669,29,43,38,1221,1146,49,0.198,83,500,0,66.480,176.900,1
100000,3,Rows,91.797,323850240,72330296,669,30,43,38,1222,1147,49,0.205,83,500,0,39.718,125.876,1
100000,3,Rows,92.034,323338240,69546436,669,32,43,38,1225,1149,50,0.199,83,500,0,61.004,172.336,1
100000,3,Rows,92.221,323551232,70432180,669,34,43,38,1227,1151,50,0.189,83,500,0,61.776,121.110,1
100000,3,Rows,92.429,323883008,69790632,669,36,43,38,1229,1153,51,0.196,83,500,0,40.757,164.378,1
100000,3,Rows,92.597,324169728,71490456,669,38,43,38,1231,1154,51,0.207,83,500,0,57.554,106.633,1
100000,3,Rows,92.838,310722560,69557336,669,40,43,38,1234,1156,52,0.188,83,500,0,62.868,174.833,1
100000,3,Grid,93.171,323944448,69857788,669,44,43,38,1238,1158,52,0.214,81,500,0,150.653,142.327,1
100000,3,Grid,93.336,324440064,72312336,669,46,43,38,1239,1159,52,0.195,81,500,0,41.581,120.027,1
100000,3,Grid,93.580,324022272,69866380,669,28,43,38,1242,1161,53,0.198,81,500,0,63.939,176.421,1
100000,3,Grid,93.770,324567040,70175236,669,30,43,38,1244,1163,53,0.193,81,500,0,65.355,120.999,1
100000,3,Grid,93.985,325091328,70097608,669,32,43,38,1246,1165,54,0.195,81,500,0,40.911,170.730,1
100000,3,Grid,94.152,325091328,71600172,669,34,43,38,1248,1166,54,0.250,81,500,0,58.136,105.454,1
100000,3,Grid,94.394,324554752,69560492,669,36,43,38,1251,1168,55,0.211,81,500,0,63.222,174.890,1
100000,3,Grid,94.582,324800512,70224012,669,38,43,38,1253,1170,55,0.198,81,500,0,62.179,122.822,1
100000,3,Grid,94.797,325099520,69813436,669,40,43,38,1255,1172,56,0.192,81,500,0,43.846,167.681,1
100000,3,Grid,94.970,315469824,71684692,669,42,43,38,1257,1173,56,0.197,81,500,0,56.900,111.914,1
100000,3,before_idle,96.356,335314944,72577876,707,32,45,38,1273,1186,58,0.127,107,500,0,0.000,0.000,1
100000,3,after_idle,116.403,310550528,70248832,703,26,43,36,1512,1424,58,0.559,97,500,0,0.000,0.000,1
100000,4,Rows,118.829,330870784,124811208,675,27,43,38,1543,1453,60,0.258,1133,500,0,84.831,251.626,1
100000,4,Rows,120.649,340439040,72701516,663,28,42,35,1559,1469,61,0.203,112,500,0,1629.122,186.563,1
100000,4,Rows,120.807,343830528,75292148,664,29,42,36,1560,1470,61,0.264,106,500,0,37.469,116.711,1
100000,4,Rows,121.045,343584768,71978868,664,30,42,36,1563,1472,62,0.194,106,500,0,58.430,176.720,1
100000,4,Rows,121.236,343834624,72845504,664,32,42,36,1565,1474,62,0.194,106,500,0,63.063,124.340,1
100000,4,Rows,121.395,344281088,75102340,664,34,42,36,1566,1475,62,0.199,106,500,0,37.875,117.587,1
100000,4,Rows,121.631,343552000,72171080,664,36,42,36,1569,1477,63,0.198,106,500,0,60.843,171.447,1
100000,4,Rows,121.809,343896064,72665372,664,38,42,36,1571,1479,63,0.193,106,500,0,57.221,117.478,1
100000,4,Rows,121.965,344432640,74956800,664,40,42,36,1572,1480,63,0.197,106,500,0,34.704,117.532,1
100000,4,Rows,122.204,343592960,72114772,664,42,42,36,1575,1482,64,0.199,106,500,0,56.529,178.901,1
100000,4,Grid,122.519,343846912,72595276,664,46,42,36,1579,1484,64,0.215,104,500,0,157.524,120.426,1
100000,4,Grid,122.680,345325568,74916516,664,28,42,36,1580,1485,64,0.199,104,500,0,37.088,120.214,1
100000,4,Grid,122.917,344465408,72035472,664,30,42,36,1583,1487,65,0.198,104,500,0,56.059,177.820,1
100000,4,Grid,123.101,344686592,72556508,664,32,42,36,1585,1489,65,0.200,104,500,0,57.313,122.562,1
100000,4,Grid,123.247,345112576,75034028,664,34,42,36,1586,1490,65,0.203,104,500,0,33.848,108.735,1
100000,4,Grid,123.477,344313856,72043252,664,36,42,36,1589,1492,66,0.196,104,500,0,56.016,170.839,1
100000,4,Grid,123.663,344633344,72836656,664,38,42,36,1591,1494,66,0.202,104,500,0,61.041,120.551,1
100000,4,Grid,123.875,345190400,72296736,664,40,42,36,1593,1496,67,0.473,104,500,0,37.324,171.235,1
100000,4,Grid,124.044,345477120,74098760,664,42,42,36,1595,1497,67,0.210,104,500,0,54.450,111.135,1
100000,4,Grid,124.279,345067520,71921492,664,44,42,36,1598,1499,68,0.196,104,500,0,55.551,175.944,1
100000,4,before_idle,125.573,361299968,75768200,717,32,44,36,1613,1511,69,0.153,130,500,0,0.000,0.000,1
100000,4,after_idle,145.597,342077440,76231044,701,26,42,35,1910,1661,69,0.652,120,500,0,0.000,0.000,1
100000,5,Rows,148.057,349208576,130590736,670,27,43,36,1942,1689,72,0.258,1156,500,0,95.407,233.672,1
100000,5,Rows,148.204,351600640,122022932,670,28,43,36,1944,1691,73,0.239,858,500,0,9.233,133.949,1
100000,5,Rows,149.990,349683712,95437964,664,30,43,35,1962,1699,75,0.199,135,500,0,1661.426,121.138,1
100000,5,Rows,150.230,349478912,74257056,665,29,43,36,1965,1701,76,0.204,129,500,0,69.220,166.027,1
100000,5,Rows,150.425,349573120,75628548,665,30,43,36,1967,1702,76,0.364,129,500,0,68.839,121.850,1
100000,5,Rows,150.662,349597696,74247112,665,32,43,36,1970,1704,77,0.201,129,500,0,67.407,164.839,1
100000,5,Rows,150.853,349597696,75113876,665,34,43,36,1972,1705,77,0.195,129,500,0,64.088,123.773,1
100000,5,Rows,151.112,349597696,74322544,665,36,43,36,1975,1707,78,0.203,129,500,0,64.316,190.965,1
100000,5,Rows,151.276,349597696,76339680,665,38,43,36,1976,1708,78,0.329,129,500,0,39.036,121.996,1
100000,5,Rows,151.529,349597696,74464648,665,40,43,36,1979,1710,79,0.204,129,500,0,62.754,186.576,1
100000,5,Grid,151.863,350187520,75724064,665,44,43,36,1983,1711,79,0.198,127,500,0,171.099,124.897,1
100000,5,Grid,152.093,350191616,74760548,665,46,43,36,1985,1713,80,0.205,127,500,0,68.536,158.336,1
100000,5,Grid,152.271,350191616,76855168,665,28,43,36,1987,1714,80,0.197,127,500,0,62.330,112.280,1
100000,5,Grid,152.525,350191616,74579884,665,30,43,36,1990,1716,81,0.344,127,500,0,64.749,186.153,1
100000,5,Grid,152.705,350191616,76253908,665,32,43,36,1992,1717,81,0.208,127,500,0,62.278,113.366,1
100000,5,Grid,152.918,350191616,74241316,665,34,43,36,1995,1719,82,0.203,127,500,0,63.849,146.050,1
100000,5,Grid,153.103,350191616,75847820,665,36,43,36,1997,1720,82,0.205,127,500,0,63.518,117.892,1
100000,5,Grid,153.359,350191616,74544812,665,38,43,36,2000,1722,83,0.201,127,500,0,65.713,184.176,1
100000,5,Grid,153.542,350191616,75768908,665,40,43,36,2002,1723,83,0.208,127,500,0,63.715,116.316,1
100000,5,Grid,153.802,350191616,74476904,665,42,43,36,2005,1725,84,0.214,127,500,0,66.263,190.122,1
100000,5,before_idle,155.180,362659840,75260068,720,32,45,36,2019,1738,85,0.095,153,500,0,0.000,0.000,1
100000,5,after_idle,175.207,344567808,76143648,699,28,43,35,2245,1963,85,0.119,143,500,0,0.000,0.000,1
100000,6,Rows,177.670,357031936,134959904,671,27,43,36,2275,1991,87,0.249,1179,500,0,91.292,240.147,1
100000,6,Rows,177.818,359915520,132117756,671,28,43,36,2277,1993,88,0.257,885,500,0,23.396,120.632,1
100000,6,Rows,179.664,357584896,101154060,665,30,43,35,2293,2006,89,0.209,158,500,0,1729.496,113.294,1
100000,6,Rows,179.914,357851136,76972616,666,29,43,36,2296,2008,90,0.200,152,500,0,70.497,174.986,1
100000,6,Rows,180.118,357998592,77698752,666,30,43,36,2298,2010,90,0.230,152,500,0,69.504,130.053,1
100000,6,Rows,180.286,358060032,80125128,666,32,43,36,2299,2011,90,0.239,152,500,0,40.475,124.473,1
100000,6,Rows,180.549,358260736,77204420,666,34,43,36,2302,2013,91,0.203,152,500,0,65.099,193.799,1
100000,6,Rows,180.746,358260736,77759092,666,36,43,36,2304,2015,91,0.200,152,500,0,64.907,129.349,1
100000,6,Rows,180.919,358690816,80193656,666,38,43,36,2305,2016,91,0.184,152,500,0,42.823,126.376,1
100000,6,Rows,181.180,358690816,77274956,666,40,43,36,2308,2018,92,0.195,152,500,0,69.792,187.535,1
100000,6,Grid,181.496,359337984,77979012,666,44,43,36,2312,2020,92,0.199,150,500,0,175.561,124.689,1
100000,6,Grid,181.669,359624704,80346200,666,46,43,36,2313,2021,92,0.208,150,500,0,44.580,124.665,1
100000,6,Grid,181.916,360054784,77089796,666,28,43,36,2316,2023,93,0.192,150,500,0,67.100,176.560,1
100000,6,Grid,182.109,360054784,78063304,666,30,43,36,2318,2025,93,0.204,150,500,0,65.504,123.737,1
100000,6,Grid,182.346,360054784,77400444,666,32,43,36,2320,2027,94,0.215,150,500,0,42.716,190.762,1
100000,6,Grid,182.536,360054784,80199964,666,34,43,36,2322,2028,94,0.230,150,500,0,69.550,116.649,1
100000,6,Grid,182.803,360341504,77146552,666,36,43,36,2325,2030,95,0.212,150,500,0,70.171,193.813,1
100000,6,Grid,183.000,359624704,77964472,666,38,43,36,2327,2032,95,0.223,150,500,0,65.587,127.521,1
100000,6,Grid,183.168,360189952,80522180,666,40,43,36,2328,2033,95,0.213,150,500,0,41.371,122.517,1
100000,6,Grid,183.390,359641088,76904524,666,42,43,36,2331,2035,96,0.208,150,500,0,65.645,151.868,1
100000,6,before_idle,184.801,373731328,76001444,719,32,45,36,2346,2048,97,0.098,175,500,0,0.000,0.000,1
100000,6,after_idle,204.820,354762752,80137116,701,28,42,35,2576,2277,97,0.120,165,500,0,0.000,0.000,1
100000,7,Rows,207.294,366555136,135953516,668,27,42,36,2606,2305,99,0.275,1201,500,0,100.416,229.992,1
100000,7,Rows,207.447,367181824,138723888,668,28,42,36,2608,2307,100,0.252,995,500,0,8.247,141.433,1
100000,7,Rows,209.368,361168896,80079220,662,30,42,35,2625,2319,102,0.218,180,500,0,1689.085,228.076,1
100000,7,Rows,209.615,361357312,79718060,663,29,42,36,2628,2322,103,0.206,174,500,0,71.018,172.696,1
100000,7,Rows,209.783,362065920,82728600,663,30,42,36,2629,2323,103,0.592,174,500,0,41.842,122.023,1
100000,7,Rows,210.002,361566208,79733124,663,32,42,36,2632,2325,104,0.335,174,500,0,66.070,148.568,1
100000,7,Rows,210.202,362086400,80517448,663,34,42,36,2634,2327,104,0.211,174,500,0,65.398,130.234,1
100000,7,Rows,210.366,362745856,82950560,663,36,42,36,2635,2328,104,0.275,174,500,0,41.790,119.649,1
100000,7,Rows,210.595,361824256,79731856,663,38,42,36,2638,2330,105,0.204,174,500,0,66.693,157.768,1
100000,7,Rows,210.790,362221568,80437492,663,40,42,36,2640,2332,105,0.179,174,500,0,66.087,126.000,1
100000,7,Grid,211.139,362360832,79725584,663,44,42,36,2644,2335,106,0.205,172,500,0,156.294,153.730,1
100000,7,Grid,211.346,362758144,80911120,663,46,42,36,2646,2337,106,0.221,172,500,0,71.775,131.542,1
100000,7,Grid,211.514,363589632,83469128,663,28,42,36,2647,2338,106,0.211,172,500,0,42.405,122.614,1
100000,7,Grid,211.734,362946560,79751108,663,30,42,36,2650,2340,107,0.199,172,500,0,67.178,148.619,1
100000,7,Grid,211.933,363249664,80997584,663,32,42,36,2652,2342,107,0.191,172,500,0,67.531,127.720,1
100000,7,Grid,212.182,362975232,80114448,663,34,42,36,2654,2344,108,0.201,172,500,0,45.870,198.847,1
100000,7,Grid,212.365,363393024,82880728,663,36,42,36,2656,2346,108,0.209,172,500,0,69.815,110.089,1
100000,7,Grid,212.580,362913792,79726188,663,38,42,36,2659,2348,109,0.217,172,500,0,65.436,144.836,1
100000,7,Grid,212.767,363499520,82072372,663,40,42,36,2661,2349,109,0.201,172,500,0,68.332,115.328,1
100000,7,Grid,213.004,363700224,79720000,663,42,42,36,2664,2352,110,0.219,172,500,0,65.125,168.289,1
100000,7,before_idle,214.419,380690432,81640624,718,32,44,36,2678,2366,111,0.117,198,500,0,0.000,0.000,1
100000,7,after_idle,234.439,363229184,82294716,681,28,42,37,2902,2589,111,0.138,188,500,0,0.000,0.000,1
100000,8,Rows,236.970,380035072,137766220,669,27,42,38,2932,2617,113,0.260,1224,500,0,69.566,265.651,1
100000,8,Rows,237.120,380035072,144609440,669,28,42,38,2934,2619,114,0.234,996,500,0,8.871,137.410,1
100000,8,Rows,238.871,379482112,133838460,663,30,42,37,2949,2634,114,0.207,203,500,0,1633.807,113.607,1
100000,8,Rows,239.147,378900480,82437740,664,29,42,38,2952,2637,115,0.214,197,500,0,72.882,198.296,1
100000,8,Rows,239.353,378982400,83454272,664,30,42,38,2954,2639,115,0.251,197,500,0,66.804,132.698,1
100000,8,Rows,239.517,379494400,85867044,664,32,42,38,2955,2640,115,0.197,197,500,0,40.855,119.474,1
100000,8,Rows,239.735,378900480,82420712,664,34,42,38,2958,2643,116,0.210,197,500,0,67.358,146.047,1
100000,8,Rows,239.926,379015168,83380492,664,36,42,38,2960,2645,116,0.214,197,500,0,63.704,123.819,1
100000,8,Rows,240.099,379691008,85819000,664,38,42,38,2961,2646,116,0.212,197,500,0,40.206,128.685,1
100000,8,Rows,240.315,379043840,82424572,664,40,42,38,2964,2649,117,0.206,197,500,0,66.978,144.669,1
100000,8,Grid,240.660,379650048,83409804,664,44,42,38,2968,2653,117,0.197,195,500,0,173.380,130.027,1
100000,8,Grid,240.831,380780544,86222332,664,46,42,38,2969,2654,117,0.214,195,500,0,40.925,127.264,1
100000,8,Grid,241.071,380080128,82508704,664,28,42,38,2972,2657,118,0.210,195,500,0,70.535,164.552,1
100000,8,Grid,241.269,379621376,83626908,664,30,42,38,2974,2659,118,0.208,195,500,0,66.092,128.388,1
100000,8,Grid,241.439,380739584,86175400,664,32,42,38,2975,2660,118,0.204,195,500,0,43.609,123.138,1
100000,8,Grid,241.657,379695104,82427272,664,34,42,38,2978,2663,119,0.217,195,500,0,67.874,144.946,1
100000,8,Grid,241.855,380555264,83987628,664,36,42,38,2980,2665,119,0.219,195,500,0,67.439,126.600,1
100000,8,Grid,242.057,380129280,82542788,664,38,42,38,2982,2667,120,0.202,195,500,0,71.988,124.597,1
100000,8,Grid,242.242,380547072,85612032,664,40,42,38,2984,2669,120,0.335,195,500,0,67.648,113.940,1
100000,8,Grid,242.466,379867136,82419448,664,42,42,38,2987,2672,121,0.217,195,500,0,70.092,149.055,1
100000,8,before_idle,243.825,395567104,85204928,716,32,44,38,3001,2686,122,0.674,221,500,0,0.000,0.000,1
100000,8,after_idle,263.848,377335808,83500432,679,28,42,37,3231,2916,122,0.131,211,500,0,0.000,0.000,1
100000,9,Rows,266.445,390651904,178392484,667,27,42,38,3262,2944,125,0.283,1247,500,0,71.479,297.331,1
100000,9,Rows,266.581,390262784,130552424,667,28,42,38,3263,2945,125,0.249,1021,500,0,31.518,97.744,1
100000,9,Rows,268.310,388542464,137173080,662,30,42,37,3278,2957,125,0.207,226,500,0,1609.854,115.318,1
100000,9,Rows,268.586,385114112,85003664,663,29,42,38,3281,2959,126,0.211,220,500,0,73.727,198.390,1
100000,9,Rows,268.788,385785856,85959836,663,30,42,38,3283,2961,126,0.209,220,500,0,63.874,131.697,1
100000,9,Rows,268.954,386433024,88361692,663,32,42,38,3284,2962,126,0.208,220,500,0,39.741,122.617,1
100000,9,Rows,269.177,385925120,84985860,663,34,42,38,3287,2964,127,0.210,220,500,0,66.751,151.188,1
100000,9,Rows,269.369,386306048,85877564,663,36,42,38,3289,2966,127,0.209,220,500,0,63.354,124.888,1
100000,9,Rows,269.529,387272704,88308684,663,38,42,38,3290,2967,127,0.209,220,500,0,39.547,116.622,1
100000,9,Rows,269.746,386367488,84986820,663,40,42,38,3293,2969,128,0.212,220,500,0,64.164,148.966,1
100000,9,Grid,270.083,386818048,85948504,663,44,42,38,3297,2971,128,0.565,218,500,0,168.903,124.907,1
100000,9,Grid,270.253,387706880,88366564,663,46,42,38,3298,2972,128,0.221,218,500,0,41.798,124.285,1
100000,9,Grid,270.474,386789376,84987884,663,28,42,38,3301,2974,129,0.220,218,500,0,64.356,151.647,1
100000,9,Grid,270.682,387100672,86047200,663,30,42,38,3303,2976,129,0.225,218,500,0,75.189,129.421,1
100000,9,Grid,270.850,387510272,88609588,663,32,42,38,3304,2977,129,0.209,218,500,0,42.814,121.110,1
100000,9,Grid,271.075,386965504,84981604,663,34,42,38,3307,2979,130,0.221,218,500,0,66.920,152.557,1
100000,9,Grid,271.266,387162112,86494188,663,36,42,38,3309,2981,130,0.209,218,500,0,64.301,122.966,1
100000,9,Grid,271.456,387534848,84985376,663,38,42,38,3311,2983,131,0.222,218,500,0,65.922,119.505,1
100000,9,Grid,271.627,387031040,88323128,663,40,42,38,3313,2984,131,0.205,218,500,0,62.651,104.423,1
100000,9,Grid,271.842,387014656,84987312,663,42,42,38,3316,2986,132,0.297,218,500,0,64.735,145.778,1
100000,9,before_idle,273.216,403025920,85400340,700,30,44,38,3331,3001,134,0.346,244,500,0,0.000,0.000,1
100000,9,after_idle,293.234,384966656,91304500,689,28,42,37,3565,3234,134,1.098,234,500,0,0.000,0.000,1
100000,10,Rows,295.880,397963264,136182240,671,27,43,38,3597,3263,137,0.263,1270,500,0,129.151,322.771,1
100000,10,Rows,296.038,398360576,164769252,671,28,43,38,3599,3265,138,0.218,996,500,0,9.197,144.677,1
100000,10,Rows,297.762,399011840,139033440,665,30,43,37,3614,3280,138,0.209,249,500,0,1610.144,110.213,1
100000,10,Rows,298.011,398446592,141567188,666,29,43,38,3617,3283,139,0.228,243,500,0,70.228,174.275,1
100000,10,Rows,298.219,400265216,88687004,666,30,43,38,3619,3285,139,0.224,243,500,0,70.184,131.908,1
100000,10,Rows,298.384,401031168,91088336,666,32,43,38,3620,3286,139,0.207,243,500,0,41.142,118.963,1
100000,10,Rows,298.607,400347136,87601552,666,34,43,38,3623,3288,140,0.212,243,500,0,67.505,151.834,1
100000,10,Rows,298.804,400863232,88535896,666,36,43,38,3625,3290,140,0.218,243,500,0,64.972,125.675,1
100000,10,Rows,298.972,401661952,90958908,666,38,43,38,3626,3291,140,0.223,243,500,0,41.451,122.754,1
100000,10,Rows,299.199,400777216,87602232,666,40,43,38,3629,3293,141,0.216,243,500,0,68.690,154.016,1
100000,10,Grid,299.547,401367040,88577216,666,44,43,38,3633,3295,141,0.213,241,500,0,172.024,131.287,1
100000,10,Grid,299.720,401960960,91025924,666,46,43,38,3634,3296,141,0.214,241,500,0,41.976,127.586,1
100000,10,Grid,299.949,401907712,87603332,666,28,43,38,3637,3298,142,0.211,241,500,0,67.018,157.836,1
100000,10,Grid,300.145,402243584,88715668,666,30,43,38,3639,3300,142,0.211,241,500,0,66.942,123.503,1
100000,10,Grid,300.334,402485248,87586372,666,32,43,38,3641,3302,143,0.228,241,500,0,40.380,144.850,1
100000,10,Grid,300.519,401932288,90730272,666,34,43,38,3643,3303,143,0.255,241,500,0,65.452,113.289,1
100000,10,Grid,300.742,402243584,87603164,666,36,43,38,3646,3305,144,0.274,241,500,0,66.911,151.048,1
100000,10,Grid,300.947,402436096,88431096,666,38,43,38,3648,3307,144,0.220,241,500,0,67.602,131.027,1
100000,10,Grid,301.110,403546112,91031460,666,40,43,38,3649,3308,144,0.209,241,500,0,40.323,118.454,1
100000,10,Grid,301.338,402001920,90377660,666,42,43,38,3652,3310,145,0.236,241,500,0,67.706,156.068,1
100000,10,before_idle,302.759,418566144,88131384,703,30,45,38,3667,3324,147,0.600,267,500,0,0.000,0.000,1
100000,10,after_idle,322.783,400261120,93315952,682,28,43,37,3890,3546,147,0.756,235,500,0,0.000,0.000,1
